DBH,H,WD,Continent,S,SS,AGB,Rainfall,OldGrowth,ForestType,DryMonths,Altitude,SP
6.4,5.0,1.04,Asia,Australia,australia,7.07,1700.0,1.0,Dry,8,20,0
7.3,5.0,1.04,Asia,Australia,australia,10.3,1700.0,1.0,Dry,8,20,0
7.8,5.5,1.04,Asia,Australia,australia,13.9,1700.0,1.0,Dry,8,20,0
9.2,7.6,1.04,Asia,Australia,australia,18.61,1700.0,1.0,Dry,8,20,0
9.9,8.2,1.04,Asia,Australia,australia,30.97,1700.0,1.0,Dry,8,20,0
11.8,8.7,1.04,Asia,Australia,australia,46.44,1700.0,1.0,Dry,8,20,0
14.2,9.5,1.04,Asia,Australia,australia,110.14,1700.0,1.0,Dry,8,20,0
14.7,8.6,1.04,Asia,Australia,australia,74.51,1700.0,1.0,Dry,8,20,0
7.0,8.7,0.83,Asia,Australia,australia,13.3,1700.0,1.0,Dry,8,20,1
8.5,9.1,0.83,Asia,Australia,australia,27.88,1700.0,1.0,Dry,8,20,1
9.3,11.0,0.83,Asia,Australia,australia,42.7,1700.0,1.0,Dry,8,20,1
11.0,11.8,0.83,Asia,Australia,australia,55.28,1700.0,1.0,Dry,8,20,1
11.9,13.5,0.83,Asia,Australia,australia,83.64,1700.0,1.0,Dry,8,20,1
13.6,12.5,0.83,Asia,Australia,australia,73.05,1700.0,1.0,Dry,8,20,1
22.7,15.9,0.83,Asia,Australia,australia,337.41,1700.0,1.0,Dry,8,20,1
6.8,6.8,0.9,Asia,Australia,australia,8.54,1700.0,1.0,Dry,8,20,2
7.6,10.7,0.9,Asia,Australia,australia,21.09,1700.0,1.0,Dry,8,20,2
13.1,13.0,0.9,Asia,Australia,australia,60.11,1700.0,1.0,Dry,8,20,2
13.8,11.0,0.9,Asia,Australia,australia,57.29,1700.0,1.0,Dry,8,20,2
14.5,12.0,0.9,Asia,Australia,australia,72.62,1700.0,1.0,Dry,8,20,2
15.3,13.3,0.9,Asia,Australia,australia,98.1,1700.0,1.0,Dry,8,20,2
16.6,13.0,0.9,Asia,Australia,australia,112.16,1700.0,1.0,Dry,8,20,2
21.6,14.7,0.9,Asia,Australia,australia,197.17,1700.0,1.0,Dry,8,20,2
7.5,7.7,0.83,Asia,Australia,australia,14.13,1700.0,1.0,Dry,8,20,1
8.5,7.5,0.83,Asia,Australia,australia,17.26,1700.0,1.0,Dry,8,20,1
9.0,6.7,0.83,Asia,Australia,australia,16.63,1700.0,1.0,Dry,8,20,1
12.5,7.9,0.83,Asia,Australia,australia,46.75,1700.0,1.0,Dry,8,20,1
15.0,8.9,0.83,Asia,Australia,australia,81.42,1700.0,1.0,Dry,8,20,1
15.5,10.8,0.83,Asia,Australia,australia,99.8,1700.0,1.0,Dry,8,20,1
20.0,11.6,0.83,Asia,Australia,australia,158.66,1700.0,1.0,Dry,8,20,1
24.9,13.4,0.83,Asia,Australia,australia,225.61,1700.0,1.0,Dry,8,20,1
6.7,9.3,0.92,Asia,Australia,australia,18.72,1700.0,1.0,Dry,8,20,3
6.8,7.8,0.92,Asia,Australia,australia,10.09,1700.0,1.0,Dry,8,20,3
7.4,5.3,0.92,Asia,Australia,australia,15.67,1700.0,1.0,Dry,8,20,3
9.7,11.3,0.92,Asia,Australia,australia,27.18,1700.0,1.0,Dry,8,20,3
13.5,14.6,0.92,Asia,Australia,australia,89.83,1700.0,1.0,Dry,8,20,3
14.0,16.1,0.92,Asia,Australia,australia,122.39,1700.0,1.0,Dry,8,20,3
18.8,15.9,0.92,Asia,Australia,australia,205.92,1700.0,1.0,Dry,8,20,3
20.8,14.3,0.92,Asia,Australia,australia,232.32,1700.0,1.0,Dry,8,20,3
6.0,5.6,0.63,Asia,Australia,australia,7.82,1700.0,1.0,Dry,8,20,4
8.0,6.7,0.63,Asia,Australia,australia,18.1,1700.0,1.0,Dry,8,20,4
8.5,7.0,0.63,Asia,Australia,australia,22.5,1700.0,1.0,Dry,8,20,4
10.2,7.2,0.63,Asia,Australia,australia,22.53,1700.0,1.0,Dry,8,20,4
10.2,8.0,0.63,Asia,Australia,australia,35.99,1700.0,1.0,Dry,8,20,4
10.5,6.8,0.63,Asia,Australia,australia,42.16,1700.0,1.0,Dry,8,20,4
16.7,9.4,0.63,Asia,Australia,australia,136.62,1700.0,1.0,Dry,8,20,4
6.5,12.0,0.56,Americas,BraMan2,braman,14.39,2700.0,0.0,Moist,3,100,5
7.5,11.2,0.55,Americas,BraMan2,braman,20.58,2700.0,0.0,Moist,3,100,6
7.5,11.8,0.54,Americas,BraMan2,braman,19.67,2700.0,0.0,Moist,3,100,7
8.5,10.8,0.53,Americas,BraMan2,braman,25.76,2700.0,0.0,Moist,3,100,8
10.2,12.0,0.57,Americas,BraMan2,braman,46.73,2700.0,0.0,Moist,3,100,9
11.1,12.0,0.51,Americas,BraMan2,braman,37.45,2700.0,0.0,Moist,3,100,10
11.5,15.0,0.52,Americas,BraMan2,braman,55.79,2700.0,0.0,Moist,3,100,11
13.1,15.5,0.51,Americas,BraMan2,braman,79.22,2700.0,0.0,Moist,3,100,10
14.6,16.5,0.51,Americas,BraMan2,braman,128.39,2700.0,0.0,Moist,3,100,10
15.8,16.5,0.55,Americas,BraMan2,braman,140.31,2700.0,0.0,Moist,3,100,6
16.6,12.0,0.58,Americas,BraMan2,braman,105.17,2700.0,0.0,Moist,3,100,12
16.9,11.5,0.5,Americas,BraMan2,braman,110.98,2700.0,0.0,Moist,3,100,13
18.3,12.3,0.52,Americas,BraMan2,braman,140.25,2700.0,0.0,Moist,3,100,11
19.4,18.7,0.6,Americas,BraMan2,braman,210.31,2700.0,0.0,Moist,3,100,14
20.1,17.8,0.5,Americas,BraMan2,braman,214.39,2700.0,0.0,Moist,3,100,13
21.2,18.0,0.5,Americas,BraMan2,braman,247.35,2700.0,0.0,Moist,3,100,13
23.0,18.3,0.57,Americas,BraMan2,braman,243.02,2700.0,0.0,Moist,3,100,9
23.6,14.5,0.51,Americas,BraMan2,braman,320.36,2700.0,0.0,Moist,3,100,10
26.8,15.3,0.5,Americas,BraMan2,braman,335.73,2700.0,0.0,Moist,3,100,13
5.1,11.7,0.4,Americas,BraMan2,braman,5.88,2700.0,0.0,Moist,3,100,15
7.1,11.9,0.4,Americas,BraMan2,braman,9.41,2700.0,0.0,Moist,3,100,15
8.6,14.5,0.4,Americas,BraMan2,braman,11.13,2700.0,0.0,Moist,3,100,15
9.0,14.2,0.4,Americas,BraMan2,braman,17.06,2700.0,0.0,Moist,3,100,15
10.0,13.6,0.4,Americas,BraMan2,braman,23.52,2700.0,0.0,Moist,3,100,15
11.1,10.5,0.29,Americas,BraMan2,braman,22.92,2700.0,0.0,Moist,3,100,16
11.8,12.5,0.4,Americas,BraMan2,braman,30.08,2700.0,0.0,Moist,3,100,15
12.8,16.8,0.4,Americas,BraMan2,braman,32.79,2700.0,0.0,Moist,3,100,15
13.5,15.4,0.4,Americas,BraMan2,braman,57.24,2700.0,0.0,Moist,3,100,15
13.6,16.3,0.4,Americas,BraMan2,braman,40.19,2700.0,0.0,Moist,3,100,15
14.1,11.6,0.4,Americas,BraMan2,braman,59.43,2700.0,0.0,Moist,3,100,15
15.6,8.6,0.4,Americas,BraMan2,braman,63.05,2700.0,0.0,Moist,3,100,15
15.8,11.7,0.4,Americas,BraMan2,braman,86.84,2700.0,0.0,Moist,3,100,15
16.7,14.2,0.4,Americas,BraMan2,braman,94.04,2700.0,0.0,Moist,3,100,15
18.0,13.8,0.4,Americas,BraMan2,braman,101.2,2700.0,0.0,Moist,3,100,15
21.0,16.6,0.4,Americas,BraMan2,braman,149.05,2700.0,0.0,Moist,3,100,15
22.6,13.1,0.4,Americas,BraMan2,braman,159.49,2700.0,0.0,Moist,3,100,15
23.0,12.4,0.4,Americas,BraMan2,braman,235.87,2700.0,0.0,Moist,3,100,15
24.1,16.0,0.4,Americas,BraMan2,braman,256.61,2700.0,0.0,Moist,3,100,15
24.2,13.3,0.4,Americas,BraMan2,braman,146.9,2700.0,0.0,Moist,3,100,15
26.2,17.2,0.4,Americas,BraMan2,braman,264.33,2700.0,0.0,Moist,3,100,15
27.7,11.1,0.4,Americas,BraMan2,braman,230.15,2700.0,0.0,Moist,3,100,15
28.7,14.5,0.4,Americas,BraMan2,braman,258.12,2700.0,0.0,Moist,3,100,15
31.9,15.9,0.4,Americas,BraMan2,braman,408.54,2700.0,0.0,Moist,3,100,15
32.9,14.2,0.4,Americas,BraMan2,braman,352.05,2700.0,0.0,Moist,3,100,15
33.2,17.0,0.4,Americas,BraMan2,braman,466.56,2700.0,0.0,Moist,3,100,15
38.2,14.6,0.4,Americas,BraMan2,braman,627.41,2700.0,0.0,Moist,3,100,15
5.8,9.8,0.32,Americas,BraMan2,braman,5.11,2700.0,0.0,Moist,3,100,17
6.7,9.9,0.4,Americas,BraMan2,braman,7.84,2700.0,0.0,Moist,3,100,15
7.1,11.0,0.34,Americas,BraMan2,braman,11.23,2700.0,0.0,Moist,3,100,18
8.2,9.1,0.39,Americas,BraMan2,braman,17.09,2700.0,0.0,Moist,3,100,19
9.7,14.8,0.38,Americas,BraMan2,braman,25.11,2700.0,0.0,Moist,3,100,20
10.5,11.7,0.44,Americas,BraMan2,braman,37.25,2700.0,0.0,Moist,3,100,21
11.1,12.5,0.41,Americas,BraMan2,braman,34.62,2700.0,0.0,Moist,3,100,22
12.5,17.2,0.36,Americas,BraMan2,braman,45.93,2700.0,0.0,Moist,3,100,23
13.2,15.8,0.41,Americas,BraMan2,braman,68.75,2700.0,0.0,Moist,3,100,22
14.1,14.7,0.49,Americas,BraMan2,braman,59.9,2700.0,0.0,Moist,3,100,24
15.2,15.5,0.42,Americas,BraMan2,braman,79.38,2700.0,0.0,Moist,3,100,25
15.5,14.2,0.48,Americas,BraMan2,braman,74.28,2700.0,0.0,Moist,3,100,26
17.0,19.1,0.44,Americas,BraMan2,braman,105.56,2700.0,0.0,Moist,3,100,21
17.9,15.2,0.48,Americas,BraMan2,braman,123.26,2700.0,0.0,Moist,3,100,26
19.4,15.6,0.46,Americas,BraMan2,braman,155.0,2700.0,0.0,Moist,3,100,27
22.0,18.2,0.39,Americas,BraMan2,braman,215.55,2700.0,0.0,Moist,3,100,19
22.3,18.8,0.45,Americas,BraMan2,braman,244.23,2700.0,0.0,Moist,3,100,28
25.3,17.0,0.46,Americas,BraMan2,braman,243.49,2700.0,0.0,Moist,3,100,27
5.4,10.0,0.67,Americas,BraMan2,braman,11.18,2700.0,0.0,Moist,3,100,29
6.2,7.0,0.63,Americas,BraMan2,braman,12.79,2700.0,0.0,Moist,3,100,4
6.8,10.8,0.74,Americas,BraMan2,braman,17.41,2700.0,0.0,Moist,3,100,30
8.1,13.7,0.74,Americas,BraMan2,braman,29.13,2700.0,0.0,Moist,3,100,30
8.4,13.6,0.76,Americas,BraMan2,braman,28.7,2700.0,0.0,Moist,3,100,31
8.9,12.7,0.69,Americas,BraMan2,braman,37.84,2700.0,0.0,Moist,3,100,32
9.0,8.0,0.73,Americas,BraMan2,braman,22.62,2700.0,0.0,Moist,3,100,33
9.1,15.3,0.74,Americas,BraMan2,braman,42.51,2700.0,0.0,Moist,3,100,30
11.3,11.5,0.72,Americas,BraMan2,braman,55.99,2700.0,0.0,Moist,3,100,34
12.2,11.5,0.72,Americas,BraMan2,braman,76.22,2700.0,0.0,Moist,3,100,34
6.2,10.2,0.56,Americas,BraMan2,braman,10.18,2700.0,0.0,Moist,3,100,5
6.3,9.8,0.62,Americas,BraMan2,braman,12.84,2700.0,0.0,Moist,3,100,35
6.5,11.7,0.53,Americas,BraMan2,braman,11.87,2700.0,0.0,Moist,3,100,8
6.8,6.6,0.59,Americas,BraMan2,braman,10.1,2700.0,0.0,Moist,3,100,36
8.3,11.9,0.59,Americas,BraMan2,braman,25.53,2700.0,0.0,Moist,3,100,36
8.4,13.5,0.54,Americas,BraMan2,braman,25.54,2700.0,0.0,Moist,3,100,7
9.2,13.0,0.59,Americas,BraMan2,braman,29.06,2700.0,0.0,Moist,3,100,36
9.6,14.7,0.58,Americas,BraMan2,braman,35.49,2700.0,0.0,Moist,3,100,12
10.7,13.5,0.65,Americas,BraMan2,braman,39.68,2700.0,0.0,Moist,3,100,37
12.9,19.0,0.64,Americas,BraMan2,braman,80.19,2700.0,0.0,Moist,3,100,38
13.1,15.7,0.57,Americas,BraMan2,braman,60.94,2700.0,0.0,Moist,3,100,9
14.0,10.6,0.6,Americas,BraMan2,braman,59.22,2700.0,0.0,Moist,3,100,14
14.3,17.3,0.57,Americas,BraMan2,braman,86.51,2700.0,0.0,Moist,3,100,9
15.3,17.2,0.7,Americas,BraMan2,braman,129.87,2700.0,0.0,Moist,3,100,39
16.4,20.0,0.63,Americas,BraMan2,braman,134.67,2700.0,0.0,Moist,3,100,4
17.3,13.3,0.59,Americas,BraMan2,braman,116.54,2700.0,0.0,Moist,3,100,36
18.8,13.5,0.61,Americas,BraMan2,braman,154.67,2700.0,0.0,Moist,3,100,40
19.3,20.0,0.58,Americas,BraMan2,braman,170.44,2700.0,0.0,Moist,3,100,12
24.8,14.5,0.65,Americas,BraMan2,braman,367.72,2700.0,0.0,Moist,3,100,37
5.8,8.8,0.46,Americas,BraMan2,braman,8.27,2700.0,0.0,Moist,3,100,27
6.6,6.7,0.43,Americas,BraMan2,braman,8.94,2700.0,0.0,Moist,3,100,41
7.1,6.5,0.49,Americas,BraMan2,braman,16.39,2700.0,0.0,Moist,3,100,24
8.6,8.7,0.46,Americas,BraMan2,braman,19.49,2700.0,0.0,Moist,3,100,27
9.4,9.3,0.46,Americas,BraMan2,braman,31.95,2700.0,0.0,Moist,3,100,27
10.5,13.4,0.48,Americas,BraMan2,braman,41.48,2700.0,0.0,Moist,3,100,26
11.2,15.7,0.46,Americas,BraMan2,braman,50.51,2700.0,0.0,Moist,3,100,27
13.2,13.2,0.43,Americas,BraMan2,braman,63.1,2700.0,0.0,Moist,3,100,41
14.1,13.1,0.57,Americas,BraMan2,braman,65.55,2700.0,0.0,Moist,3,100,9
14.6,13.4,0.43,Americas,BraMan2,braman,73.47,2700.0,0.0,Moist,3,100,41
16.2,13.3,0.58,Americas,BraMan2,braman,96.81,2700.0,0.0,Moist,3,100,12
16.4,19.3,0.45,Americas,BraMan2,braman,131.92,2700.0,0.0,Moist,3,100,28
18.2,15.6,0.51,Americas,BraMan2,braman,141.38,2700.0,0.0,Moist,3,100,10
20.5,21.4,0.46,Americas,BraMan2,braman,197.98,2700.0,0.0,Moist,3,100,27
21.8,20.0,0.46,Americas,BraMan2,braman,276.45,2700.0,0.0,Moist,3,100,27
5.6,9.5,0.63,Americas,BraMan2,braman,10.34,2700.0,0.0,Moist,3,100,4
6.1,11.5,0.46,Americas,BraMan2,braman,9.11,2700.0,0.0,Moist,3,100,27
6.9,9.2,0.6,Americas,BraMan2,braman,14.33,2700.0,0.0,Moist,3,100,14
7.3,11.8,0.62,Americas,BraMan2,braman,17.44,2700.0,0.0,Moist,3,100,35
9.3,15.0,0.6,Americas,BraMan2,braman,43.85,2700.0,0.0,Moist,3,100,14
9.7,14.6,0.51,Americas,BraMan2,braman,43.09,2700.0,0.0,Moist,3,100,10
10.7,13.4,0.47,Americas,BraMan2,braman,41.68,2700.0,0.0,Moist,3,100,42
11.9,16.1,0.54,Americas,BraMan2,braman,54.56,2700.0,0.0,Moist,3,100,7
12.5,16.0,0.66,Americas,BraMan2,braman,88.71,2700.0,0.0,Moist,3,100,43
13.7,14.6,0.55,Americas,BraMan2,braman,68.67,2700.0,0.0,Moist,3,100,6
15.4,15.6,0.55,Americas,BraMan2,braman,102.27,2700.0,0.0,Moist,3,100,6
15.6,16.2,0.6,Americas,BraMan2,braman,137.85,2700.0,0.0,Moist,3,100,14
19.6,15.2,0.55,Americas,BraMan2,braman,189.13,2700.0,0.0,Moist,3,100,6
26.4,21.4,0.51,Americas,BraMan2,braman,317.92,2700.0,0.0,Moist,3,100,10
28.7,20.5,0.51,Americas,BraMan2,braman,486.71,2700.0,0.0,Moist,3,100,10
10.0,7.0,0.61,Americas,BraPara1,brapara,18.24,2200.0,1.0,Moist,4,100,40
56.0,38.0,0.63,Americas,BraPara1,brapara,3650.61,2200.0,1.0,Moist,4,100,4
11.0,6.0,0.64,Americas,BraPara1,brapara,44.9,2200.0,1.0,Moist,4,100,38
14.0,19.0,0.34,Americas,BraPara1,brapara,48.93,2200.0,1.0,Moist,4,100,18
21.0,19.0,0.34,Americas,BraPara1,brapara,190.29,2200.0,1.0,Moist,4,100,18
86.0,43.0,0.31,Americas,BraPara1,brapara,9132.65,2200.0,1.0,Moist,4,100,44
12.0,19.0,0.78,Americas,BraPara1,brapara,36.97,2200.0,1.0,Moist,4,100,45
12.0,20.0,0.78,Americas,BraPara1,brapara,94.7,2200.0,1.0,Moist,4,100,45
13.0,16.0,0.78,Americas,BraPara1,brapara,81.73,2200.0,1.0,Moist,4,100,45
16.0,20.0,0.78,Americas,BraPara1,brapara,151.14,2200.0,1.0,Moist,4,100,45
18.0,23.0,0.78,Americas,BraPara1,brapara,265.3,2200.0,1.0,Moist,4,100,45
10.0,11.0,0.67,Americas,BraPara1,brapara,24.3,2200.0,1.0,Moist,4,100,29
10.0,13.0,0.67,Americas,BraPara1,brapara,52.24,2200.0,1.0,Moist,4,100,29
11.0,11.0,0.67,Americas,BraPara1,brapara,54.67,2200.0,1.0,Moist,4,100,29
12.0,10.0,0.67,Americas,BraPara1,brapara,53.46,2200.0,1.0,Moist,4,100,29
13.0,17.0,0.67,Americas,BraPara1,brapara,87.48,2200.0,1.0,Moist,4,100,29
16.0,19.0,0.67,Americas,BraPara1,brapara,162.8,2200.0,1.0,Moist,4,100,29
16.0,17.0,0.67,Americas,BraPara1,brapara,195.0,2200.0,1.0,Moist,4,100,29
17.0,18.0,0.67,Americas,BraPara1,brapara,270.94,2200.0,1.0,Moist,4,100,29
19.0,22.0,0.67,Americas,BraPara1,brapara,329.86,2200.0,1.0,Moist,4,100,29
19.0,21.0,0.67,Americas,BraPara1,brapara,355.98,2200.0,1.0,Moist,4,100,29
21.0,23.0,0.67,Americas,BraPara1,brapara,335.33,2200.0,1.0,Moist,4,100,29
29.0,29.0,0.67,Americas,BraPara1,brapara,1258.7,2200.0,1.0,Moist,4,100,29
37.0,30.0,0.67,Americas,BraPara1,brapara,1928.74,2200.0,1.0,Moist,4,100,29
41.0,29.0,0.67,Americas,BraPara1,brapara,2070.29,2200.0,1.0,Moist,4,100,29
44.0,36.0,0.67,Americas,BraPara1,brapara,3081.13,2200.0,1.0,Moist,4,100,29
49.0,36.0,0.67,Americas,BraPara1,brapara,2293.84,2200.0,1.0,Moist,4,100,29
51.0,30.0,0.67,Americas,BraPara1,brapara,2209.4,2200.0,1.0,Moist,4,100,29
25.0,27.0,0.67,Americas,BraPara1,brapara,413.09,2200.0,1.0,Moist,4,100,29
48.0,29.0,0.67,Americas,BraPara1,brapara,1993.14,2200.0,1.0,Moist,4,100,29
11.0,13.0,0.46,Americas,BraPara1,brapara,12.29,2200.0,1.0,Moist,4,100,27
10.0,7.0,0.47,Americas,BraPara1,brapara,25.42,2200.0,1.0,Moist,4,100,42
28.0,19.0,0.91,Americas,BraPara1,brapara,633.03,2200.0,1.0,Moist,4,100,46
12.0,16.0,0.92,Americas,BraPara1,brapara,103.87,2200.0,1.0,Moist,4,100,3
138.0,49.0,0.7,Americas,BraPara1,brapara,18613.22,2200.0,1.0,Moist,4,100,39
11.0,14.0,0.85,Americas,BraPara1,brapara,90.12,2200.0,1.0,Moist,4,100,47
12.0,12.0,0.85,Americas,BraPara1,brapara,81.38,2200.0,1.0,Moist,4,100,47
13.0,18.0,0.85,Americas,BraPara1,brapara,137.2,2200.0,1.0,Moist,4,100,47
13.0,13.0,0.85,Americas,BraPara1,brapara,103.57,2200.0,1.0,Moist,4,100,47
14.0,16.0,0.85,Americas,BraPara1,brapara,135.18,2200.0,1.0,Moist,4,100,47
27.0,25.0,0.85,Americas,BraPara1,brapara,815.77,2200.0,1.0,Moist,4,100,47
30.0,24.0,0.85,Americas,BraPara1,brapara,747.18,2200.0,1.0,Moist,4,100,47
11.0,10.0,0.83,Americas,BraPara1,brapara,90.19,2200.0,1.0,Moist,4,100,1
28.0,24.0,0.83,Americas,BraPara1,brapara,1312.46,2200.0,1.0,Moist,4,100,1
60.0,34.0,0.52,Americas,BraPara1,brapara,3204.19,2200.0,1.0,Moist,4,100,11
15.0,16.0,0.93,Americas,BraPara1,brapara,149.35,2200.0,1.0,Moist,4,100,48
24.0,19.0,0.93,Americas,BraPara1,brapara,544.36,2200.0,1.0,Moist,4,100,48
14.0,12.0,0.6,Americas,BraPara1,brapara,85.38,2200.0,1.0,Moist,4,100,14
18.0,18.0,0.6,Americas,BraPara1,brapara,247.96,2200.0,1.0,Moist,4,100,14
53.0,23.0,0.6,Americas,BraPara1,brapara,1458.49,2200.0,1.0,Moist,4,100,14
59.0,33.0,0.5,Americas,BraPara1,brapara,2585.0,2200.0,1.0,Moist,4,100,13
11.0,8.0,0.47,Americas,BraPara1,brapara,23.69,2200.0,1.0,Moist,4,100,42
66.0,41.0,0.71,Americas,BraPara1,brapara,9168.95,2200.0,1.0,Moist,4,100,49
11.0,13.0,0.55,Americas,BraPara1,brapara,48.28,2200.0,1.0,Moist,4,100,6
11.0,16.0,0.55,Americas,BraPara1,brapara,77.82,2200.0,1.0,Moist,4,100,6
18.0,17.0,0.55,Americas,BraPara1,brapara,259.02,2200.0,1.0,Moist,4,100,6
19.0,12.0,0.55,Americas,BraPara1,brapara,118.72,2200.0,1.0,Moist,4,100,6
28.0,20.0,0.55,Americas,BraPara1,brapara,767.4,2200.0,1.0,Moist,4,100,6
26.0,19.0,0.58,Americas,BraPara1,brapara,1371.94,2200.0,1.0,Moist,4,100,12
28.0,23.0,0.57,Americas,BraPara1,brapara,542.85,2200.0,1.0,Moist,4,100,9
10.0,15.0,0.82,Americas,BraPara1,brapara,89.77,2200.0,1.0,Moist,4,100,50
18.0,21.0,0.82,Americas,BraPara1,brapara,357.12,2200.0,1.0,Moist,4,100,50
30.0,29.0,0.82,Americas,BraPara1,brapara,1287.21,2200.0,1.0,Moist,4,100,50
13.0,14.0,0.61,Americas,BraPara1,brapara,74.63,2200.0,1.0,Moist,4,100,40
13.0,13.0,0.61,Americas,BraPara1,brapara,74.63,2200.0,1.0,Moist,4,100,40
15.0,20.0,0.61,Americas,BraPara1,brapara,122.82,2200.0,1.0,Moist,4,100,40
36.0,29.0,0.87,Americas,BraPara1,brapara,2032.54,2200.0,1.0,Moist,4,100,51
16.0,16.0,0.66,Americas,BraPara1,brapara,284.75,2200.0,1.0,Moist,4,100,43
67.0,38.0,0.58,Americas,BraPara1,brapara,4921.46,2200.0,1.0,Moist,4,100,12
10.0,15.0,0.53,Americas,BraPara1,brapara,46.51,2200.0,1.0,Moist,4,100,8
10.0,12.0,0.53,Americas,BraPara1,brapara,38.66,2200.0,1.0,Moist,4,100,8
10.0,15.0,0.53,Americas,BraPara1,brapara,51.55,2200.0,1.0,Moist,4,100,8
11.0,17.0,0.53,Americas,BraPara1,brapara,49.87,2200.0,1.0,Moist,4,100,8
18.0,20.0,0.53,Americas,BraPara1,brapara,192.19,2200.0,1.0,Moist,4,100,8
40.0,28.0,0.55,Americas,BraPara1,brapara,1483.18,2200.0,1.0,Moist,4,100,6
10.0,14.0,0.61,Americas,BraPara1,brapara,35.3,2200.0,1.0,Moist,4,100,40
31.0,24.0,0.46,Americas,BraPara1,brapara,699.05,2200.0,1.0,Moist,4,100,27
12.0,16.0,0.72,Americas,BraPara1,brapara,95.94,2200.0,1.0,Moist,4,100,34
10.0,6.0,0.39,Americas,BraPara1,brapara,13.34,2200.0,1.0,Moist,4,100,19
10.0,11.0,0.39,Americas,BraPara1,brapara,35.39,2200.0,1.0,Moist,4,100,19
11.0,14.0,0.39,Americas,BraPara1,brapara,40.01,2200.0,1.0,Moist,4,100,19
11.0,10.0,0.39,Americas,BraPara1,brapara,56.42,2200.0,1.0,Moist,4,100,19
12.0,13.0,0.39,Americas,BraPara1,brapara,54.37,2200.0,1.0,Moist,4,100,19
13.0,9.0,0.39,Americas,BraPara1,brapara,31.8,2200.0,1.0,Moist,4,100,19
10.0,15.0,0.63,Americas,BraPara1,brapara,52.95,2200.0,1.0,Moist,4,100,4
11.0,16.0,0.63,Americas,BraPara1,brapara,46.41,2200.0,1.0,Moist,4,100,4
11.0,14.0,0.63,Americas,BraPara1,brapara,55.33,2200.0,1.0,Moist,4,100,4
11.0,12.0,0.63,Americas,BraPara1,brapara,70.8,2200.0,1.0,Moist,4,100,4
13.0,13.0,0.63,Americas,BraPara1,brapara,70.8,2200.0,1.0,Moist,4,100,4
14.0,17.0,0.63,Americas,BraPara1,brapara,147.56,2200.0,1.0,Moist,4,100,4
15.0,16.0,0.63,Americas,BraPara1,brapara,132.68,2200.0,1.0,Moist,4,100,4
17.0,20.0,0.63,Americas,BraPara1,brapara,171.36,2200.0,1.0,Moist,4,100,4
18.0,17.0,0.63,Americas,BraPara1,brapara,154.1,2200.0,1.0,Moist,4,100,4
18.0,19.0,0.63,Americas,BraPara1,brapara,201.7,2200.0,1.0,Moist,4,100,4
18.0,16.0,0.63,Americas,BraPara1,brapara,234.43,2200.0,1.0,Moist,4,100,4
19.0,18.0,0.63,Americas,BraPara1,brapara,219.55,2200.0,1.0,Moist,4,100,4
24.0,19.0,0.63,Americas,BraPara1,brapara,505.75,2200.0,1.0,Moist,4,100,4
26.0,18.0,0.63,Americas,BraPara1,brapara,689.6,2200.0,1.0,Moist,4,100,4
30.0,23.0,0.63,Americas,BraPara1,brapara,659.26,2200.0,1.0,Moist,4,100,4
35.0,20.0,0.63,Americas,BraPara1,brapara,1290.55,2200.0,1.0,Moist,4,100,4
10.0,15.0,0.77,Americas,BraPara1,brapara,46.37,2200.0,1.0,Moist,4,100,52
19.0,22.0,0.77,Americas,BraPara1,brapara,143.6,2200.0,1.0,Moist,4,100,52
10.0,6.0,0.9,Americas,BraPara1,brapara,20.65,2200.0,1.0,Moist,4,100,2
10.0,6.0,0.9,Americas,BraPara1,brapara,51.63,2200.0,1.0,Moist,4,100,2
10.0,13.0,0.64,Americas,BraPara1,brapara,41.91,2200.0,1.0,Moist,4,100,38
10.0,14.0,0.64,Americas,BraPara1,brapara,49.69,2200.0,1.0,Moist,4,100,38
12.0,11.0,0.64,Americas,BraPara1,brapara,59.87,2200.0,1.0,Moist,4,100,38
12.0,12.0,0.64,Americas,BraPara1,brapara,70.65,2200.0,1.0,Moist,4,100,38
13.0,16.0,0.64,Americas,BraPara1,brapara,96.99,2200.0,1.0,Moist,4,100,38
14.0,18.0,0.64,Americas,BraPara1,brapara,125.73,2200.0,1.0,Moist,4,100,38
14.0,20.0,0.64,Americas,BraPara1,brapara,160.46,2200.0,1.0,Moist,4,100,38
16.0,20.0,0.64,Americas,BraPara1,brapara,217.93,2200.0,1.0,Moist,4,100,38
18.0,11.0,0.64,Americas,BraPara1,brapara,143.09,2200.0,1.0,Moist,4,100,38
21.0,24.0,0.64,Americas,BraPara1,brapara,334.68,2200.0,1.0,Moist,4,100,38
16.0,23.0,0.84,Americas,BraPara1,brapara,270.09,2200.0,1.0,Moist,4,100,53
10.0,12.0,0.58,Americas,BraPara1,brapara,31.2,2200.0,1.0,Moist,4,100,12
10.0,13.0,0.58,Americas,BraPara1,brapara,38.72,2200.0,1.0,Moist,4,100,12
10.0,7.0,0.58,Americas,BraPara1,brapara,30.05,2200.0,1.0,Moist,4,100,12
11.0,10.0,0.58,Americas,BraPara1,brapara,34.09,2200.0,1.0,Moist,4,100,12
12.0,13.0,0.58,Americas,BraPara1,brapara,49.12,2200.0,1.0,Moist,4,100,12
12.0,12.0,0.58,Americas,BraPara1,brapara,46.81,2200.0,1.0,Moist,4,100,12
16.0,19.0,0.61,Americas,BraPara1,brapara,184.07,2200.0,1.0,Moist,4,100,40
23.0,22.0,0.61,Americas,BraPara1,brapara,511.64,2200.0,1.0,Moist,4,100,40
58.0,31.0,0.48,Americas,BraPara1,brapara,3705.84,2200.0,1.0,Moist,4,100,26
41.0,32.0,0.64,Americas,BraPara1,brapara,2108.09,2200.0,1.0,Moist,4,100,38
15.0,19.0,0.47,Americas,BraPara1,brapara,138.67,2200.0,1.0,Moist,4,100,42
10.0,12.0,0.71,Americas,BraPara1,brapara,23.68,2200.0,1.0,Moist,4,100,49
16.9,23.1,0.31,Americas,BraPara3,brapara,82.5,3000.0,0.0,Moist,4,20,44
28.1,26.0,0.65,Americas,BraPara3,brapara,668.9,3000.0,0.0,Moist,4,20,37
21.1,16.5,0.85,Americas,BraPara3,brapara,264.4,3000.0,0.0,Moist,4,20,47
45.3,27.7,0.85,Americas,BraPara3,brapara,2375.7,3000.0,0.0,Moist,4,20,47
30.2,25.3,0.83,Americas,BraPara3,brapara,1222.7,3000.0,0.0,Moist,4,20,1
31.0,26.8,0.79,Americas,BraPara3,brapara,1299.6,3000.0,0.0,Moist,4,20,54
13.1,22.2,0.59,Americas,BraPara3,brapara,84.5,3000.0,0.0,Moist,4,20,36
33.5,23.1,0.58,Americas,BraPara3,brapara,851.4,3000.0,0.0,Moist,4,20,12
14.0,21.0,0.58,Americas,BraPara3,brapara,114.0,3000.0,0.0,Moist,4,20,12
9.4,13.4,0.59,Americas,BraPara3,brapara,27.8,3000.0,0.0,Moist,4,20,36
40.3,33.5,0.65,Americas,BraPara3,brapara,1661.6,3000.0,0.0,Moist,4,20,37
55.0,34.9,0.46,Americas,BraPara3,brapara,2117.7,3000.0,0.0,Moist,4,20,27
8.9,17.3,0.38,Americas,BraPara3,brapara,22.2,3000.0,0.0,Moist,4,20,20
13.3,18.3,0.38,Americas,BraPara3,brapara,89.3,3000.0,0.0,Moist,4,20,20
17.0,18.9,0.38,Americas,BraPara3,brapara,112.7,3000.0,0.0,Moist,4,20,20
20.4,18.7,0.38,Americas,BraPara3,brapara,208.6,3000.0,0.0,Moist,4,20,20
24.2,21.3,0.66,Americas,BraPara3,brapara,621.8,3000.0,0.0,Moist,4,20,43
38.7,29.2,0.66,Americas,BraPara3,brapara,2094.9,3000.0,0.0,Moist,4,20,43
46.4,30.1,0.6,Americas,BraPara3,brapara,1737.7,3000.0,0.0,Moist,4,20,14
12.8,23.0,0.46,Americas,BraPara3,brapara,62.2,3000.0,0.0,Moist,4,20,27
23.7,23.0,0.48,Americas,BraPara3,brapara,262.2,3000.0,0.0,Moist,4,20,26
17.8,18.9,0.52,Americas,BraRond,brarond,214.65,2300.0,1.0,Moist,4,110,11
19.2,23.8,0.64,Americas,BraRond,brarond,258.58,2300.0,1.0,Moist,4,110,38
19.7,19.3,0.8,Americas,BraRond,brarond,423.93,2300.0,1.0,Moist,4,110,55
20.8,20.1,0.76,Americas,BraRond,brarond,366.43,2300.0,1.0,Moist,4,110,31
22.4,23.8,0.78,Americas,BraRond,brarond,595.09,2300.0,1.0,Moist,4,110,45
32.1,33.0,0.65,Americas,BraRond,brarond,893.75,2300.0,1.0,Moist,4,110,37
38.5,25.0,0.58,Americas,BraRond,brarond,1334.0,2300.0,1.0,Moist,4,110,12
89.0,40.0,0.65,Americas,BraRond,brarond,8927.94,2300.0,1.0,Moist,4,110,37
133.2,44.2,0.56,Asia,Cambodia,cambodia,20578.48,3726.0,1.0,Wet,3,20,5
5.2,7.7,0.56,Asia,Cambodia,cambodia,5.84,3726.0,1.0,Wet,3,20,5
5.7,9.3,0.56,Asia,Cambodia,cambodia,9.31,3726.0,1.0,Wet,3,20,5
6.4,10.9,0.56,Asia,Cambodia,cambodia,12.13,3726.0,1.0,Wet,3,20,5
7.2,12.7,0.56,Asia,Cambodia,cambodia,16.53,3726.0,1.0,Wet,3,20,5
7.6,12.7,0.56,Asia,Cambodia,cambodia,19.07,3726.0,1.0,Wet,3,20,5
8.2,8.4,0.56,Asia,Cambodia,cambodia,15.97,3726.0,1.0,Wet,3,20,5
9.2,11.3,0.56,Asia,Cambodia,cambodia,28.88,3726.0,1.0,Wet,3,20,5
9.9,11.9,0.56,Asia,Cambodia,cambodia,40.62,3726.0,1.0,Wet,3,20,5
11.8,15.4,0.56,Asia,Cambodia,cambodia,68.09,3726.0,1.0,Wet,3,20,5
41.3,24.7,0.55,Asia,Cambodia,cambodia,1214.57,3726.0,1.0,Wet,3,20,6
5.3,8.3,0.47,Asia,Cambodia,cambodia,7.8,3726.0,1.0,Wet,3,20,42
8.7,7.2,0.68,Asia,Cambodia,cambodia,19.32,3726.0,1.0,Wet,3,20,56
5.0,8.2,0.74,Asia,Cambodia,cambodia,8.58,3726.0,1.0,Wet,3,20,30
5.5,8.9,0.74,Asia,Cambodia,cambodia,8.98,3726.0,1.0,Wet,3,20,30
6.6,9.3,0.74,Asia,Cambodia,cambodia,17.17,3726.0,1.0,Wet,3,20,30
6.7,8.8,0.74,Asia,Cambodia,cambodia,14.54,3726.0,1.0,Wet,3,20,30
11.8,11.5,0.74,Asia,Cambodia,cambodia,57.43,3726.0,1.0,Wet,3,20,30
6.8,10.3,0.68,Asia,Cambodia,cambodia,15.31,3726.0,1.0,Wet,3,20,56
7.5,10.3,0.68,Asia,Cambodia,cambodia,20.77,3726.0,1.0,Wet,3,20,56
37.0,24.0,0.46,Asia,Cambodia,cambodia,660.66,3726.0,1.0,Wet,3,20,27
16.6,17.2,0.48,Asia,Cambodia,cambodia,115.57,3726.0,1.0,Wet,3,20,26
5.5,8.3,0.54,Asia,Cambodia,cambodia,5.22,3726.0,1.0,Wet,3,20,7
5.7,6.9,0.54,Asia,Cambodia,cambodia,6.58,3726.0,1.0,Wet,3,20,7
5.8,7.3,0.54,Asia,Cambodia,cambodia,7.5,3726.0,1.0,Wet,3,20,7
5.9,10.3,0.54,Asia,Cambodia,cambodia,7.83,3726.0,1.0,Wet,3,20,7
5.9,10.2,0.54,Asia,Cambodia,cambodia,9.23,3726.0,1.0,Wet,3,20,7
6.0,11.5,0.54,Asia,Cambodia,cambodia,10.69,3726.0,1.0,Wet,3,20,7
6.3,8.0,0.54,Asia,Cambodia,cambodia,10.61,3726.0,1.0,Wet,3,20,7
6.5,6.1,0.54,Asia,Cambodia,cambodia,8.72,3726.0,1.0,Wet,3,20,7
9.4,11.3,0.54,Asia,Cambodia,cambodia,26.63,3726.0,1.0,Wet,3,20,7
25.5,25.5,0.55,Asia,Cambodia,cambodia,373.7,3726.0,1.0,Wet,3,20,6
5.2,6.3,0.77,Asia,Cambodia,cambodia,5.28,3726.0,1.0,Wet,3,20,52
7.6,8.3,0.77,Asia,Cambodia,cambodia,19.25,3726.0,1.0,Wet,3,20,52
6.3,8.3,0.79,Africa,Cameroon,cameroon,8.19,,,,,,54
26.7,18.8,0.51,Africa,Cameroon,cameroon,120.92,,,,,,10
5.0,7.3,0.71,Africa,Cameroon,cameroon,3.67,,,,,,49
79.4,35.0,0.81,Africa,Cameroon,cameroon,10045.0,,,,,,57
9.1,10.2,0.41,Africa,Cameroon,cameroon,15.98,,,,,,22
92.5,47.4,0.67,Africa,Cameroon3,cameroon,13078.38,,,,,,29
100.0,49.3,0.67,Africa,Cameroon3,cameroon,21735.71,,,,,,29
113.5,43.3,0.67,Africa,Cameroon3,cameroon,27678.53,,,,,,29
108.0,49.1,0.62,Africa,Cameroon3,cameroon,17205.9,,,,,,35
106.0,49.7,0.33,Africa,Cameroon3,cameroon,9286.84,,,,,,58
136.0,48.5,0.78,Africa,Cameroon3,cameroon,51677.27,,,,,,45
122.0,45.9,0.78,Africa,Cameroon3,cameroon,36786.2,,,,,,45
106.5,49.3,0.78,Africa,Cameroon3,cameroon,22657.58,,,,,,45
114.0,48.6,0.78,Africa,Cameroon3,cameroon,24727.92,,,,,,45
103.0,49.6,0.78,Africa,Cameroon3,cameroon,22208.92,,,,,,45
110.0,42.5,0.57,Africa,Cameroon3,cameroon,13524.06,,,,,,9
129.0,48.3,0.57,Africa,Cameroon3,cameroon,19776.42,,,,,,9
121.7,48.7,0.57,Africa,Cameroon3,cameroon,22957.68,,,,,,9
103.5,52.6,0.57,Africa,Cameroon3,cameroon,22352.72,,,,,,9
119.8,52.7,0.57,Africa,Cameroon3,cameroon,24377.97,,,,,,9
113.5,43.4,0.57,Africa,Cameroon3,cameroon,17363.95,,,,,,9
100.5,47.4,0.57,Africa,Cameroon3,cameroon,14139.64,,,,,,9
115.5,48.7,0.57,Africa,Cameroon3,cameroon,29190.36,,,,,,9
178.0,52.4,0.57,Africa,Cameroon3,cameroon,60541.43,,,,,,9
105.2,41.8,0.75,Africa,Cameroon3,cameroon,21899.38,,,,,,59
107.0,43.8,0.75,Africa,Cameroon3,cameroon,33111.62,,,,,,59
94.0,48.0,0.75,Africa,Cameroon3,cameroon,17897.43,,,,,,59
83.8,40.2,0.75,Africa,Cameroon3,cameroon,13422.07,,,,,,59
96.0,51.6,0.75,Africa,Cameroon3,cameroon,17326.95,,,,,,59
67.5,32.6,0.75,Africa,Cameroon3,cameroon,7766.14,,,,,,59
112.8,47.0,0.75,Africa,Cameroon3,cameroon,30530.99,,,,,,59
116.8,49.0,0.55,Africa,Cameroon3,cameroon,18775.29,,,,,,6
105.5,48.9,0.55,Africa,Cameroon3,cameroon,15120.39,,,,,,6
93.8,49.1,0.55,Africa,Cameroon3,cameroon,14148.78,,,,,,6
110.6,51.9,0.55,Africa,Cameroon3,cameroon,19615.31,,,,,,6
126.0,55.6,0.55,Africa,Cameroon3,cameroon,26424.13,,,,,,6
99.0,48.4,0.55,Africa,Cameroon3,cameroon,12984.67,,,,,,6
104.0,45.6,0.55,Africa,Cameroon3,cameroon,12163.97,,,,,,6
100.2,49.8,0.55,Africa,Cameroon3,cameroon,14163.99,,,,,,6
104.5,47.7,0.55,Africa,Cameroon3,cameroon,17663.89,,,,,,6
97.9,44.6,0.66,Africa,Cameroon3,cameroon,13710.62,,,,,,43
115.2,42.9,0.41,Africa,Cameroon3,cameroon,14435.95,,,,,,22
106.2,53.2,0.45,Africa,Cameroon3,cameroon,22041.76,,,,,,28
111.0,47.2,0.33,Africa,Cameroon3,cameroon,8650.35,,,,,,58
112.0,49.6,0.33,Africa,Cameroon3,cameroon,9492.63,,,,,,58
105.0,46.5,0.33,Africa,Cameroon3,cameroon,8845.14,,,,,,58
143.0,47.1,0.33,Africa,Cameroon3,cameroon,21482.22,,,,,,58
157.0,52.5,0.33,Africa,Cameroon3,cameroon,23180.57,,,,,,58
144.5,45.3,0.33,Africa,Cameroon3,cameroon,11187.52,,,,,,58
140.0,46.6,0.33,Africa,Cameroon3,cameroon,17781.48,,,,,,58
135.5,46.6,0.33,Africa,Cameroon3,cameroon,13555.13,,,,,,58
129.2,49.9,0.33,Africa,Cameroon3,cameroon,17550.29,,,,,,58
170.0,57.3,0.33,Africa,Cameroon3,cameroon,31939.82,,,,,,58
107.0,50.8,0.33,Africa,Cameroon3,cameroon,10758.61,,,,,,58
154.0,51.9,0.33,Africa,Cameroon3,cameroon,30147.36,,,,,,58
88.4,49.5,0.33,Africa,Cameroon3,cameroon,6392.31,,,,,,58
119.2,46.9,0.33,Africa,Cameroon3,cameroon,11988.74,,,,,,58
100.0,45.9,0.33,Africa,Cameroon3,cameroon,8582.12,,,,,,58
99.8,47.7,0.33,Africa,Cameroon3,cameroon,8621.58,,,,,,58
100.0,50.6,0.33,Africa,Cameroon3,cameroon,8822.9,,,,,,58
96.9,46.4,0.33,Africa,Cameroon3,cameroon,6135.58,,,,,,58
113.3,51.2,0.33,Africa,Cameroon3,cameroon,8758.65,,,,,,58
212.0,52.7,0.33,Africa,Cameroon3,cameroon,43623.17,,,,,,58
140.0,52.6,0.33,Africa,Cameroon3,cameroon,19511.13,,,,,,58
26.2,23.8,0.75,Africa,CentralAfric,centralafric,705.6,,,,,,59
28.1,22.2,0.75,Africa,CentralAfric,centralafric,1013.2,,,,,,59
32.4,25.9,0.75,Africa,CentralAfric,centralafric,741.6,,,,,,59
34.0,28.8,0.75,Africa,CentralAfric,centralafric,890.1,,,,,,59
36.5,29.3,0.75,Africa,CentralAfric,centralafric,1266.0,,,,,,59
44.0,39.2,0.75,Africa,CentralAfric,centralafric,2832.8,,,,,,59
24.4,26.1,0.69,Africa,CentralAfric,centralafric,755.5,,,,,,32
28.0,26.1,0.71,Africa,CentralAfric,centralafric,1002.6,,,,,,49
28.8,26.9,0.71,Africa,CentralAfric,centralafric,951.3,,,,,,49
36.5,24.0,0.71,Africa,CentralAfric,centralafric,1251.4,,,,,,49
47.0,32.1,0.71,Africa,CentralAfric,centralafric,1529.0,,,,,,49
52.2,25.1,0.71,Africa,CentralAfric,centralafric,2284.8,,,,,,49
54.9,35.9,0.53,Americas,ColombiaC1,colombiac,1708.34,,,,,,8
63.3,34.4,0.41,Americas,ColombiaC1,colombiac,4122.99,,,,,,22
65.8,48.0,0.36,Americas,ColombiaC1,colombiac,3442.14,,,,,,23
66.2,32.3,0.45,Americas,ColombiaC1,colombiac,4066.64,,,,,,28
73.9,42.7,0.47,Americas,ColombiaC1,colombiac,4618.8,,,,,,42
86.9,38.9,0.43,Americas,ColombiaC1,colombiac,5830.33,,,,,,41
90.7,47.1,0.41,Americas,ColombiaC1,colombiac,9331.57,,,,,,22
91.2,37.0,0.41,Americas,ColombiaC1,colombiac,5669.33,,,,,,22
109.1,41.7,0.46,Americas,ColombiaC1,colombiac,9667.69,,,,,,27
116.3,46.3,0.46,Americas,ColombiaC1,colombiac,7070.65,,,,,,27
21.7,23.6,0.52,Americas,ColombiaC1,colombiac,274.23,,,,,,11
7.8,10.1,0.48,Americas,ColombiaC1,colombiac,20.78,,,,,,26
22.9,18.5,0.45,Americas,ColombiaC1,colombiac,240.66,,,,,,28
44.7,33.2,0.39,Americas,ColombiaC1,colombiac,3482.99,,,,,,19
49.7,29.3,0.51,Americas,ColombiaC1,colombiac,1786.53,,,,,,10
57.7,31.1,0.43,Americas,ColombiaC1,colombiac,2681.67,,,,,,41
13.6,15.9,0.42,Americas,ColombiaC1,colombiac,81.66,,,,,,25
49.1,32.3,0.4,Americas,ColombiaC1,colombiac,1870.67,,,,,,15
9.1,14.3,0.72,Americas,ColombiaC1,colombiac,36.65,,,,,,34
38.5,27.8,0.72,Americas,ColombiaC1,colombiac,1589.64,,,,,,34
45.6,34.1,0.73,Americas,ColombiaC1,colombiac,1917.77,,,,,,33
67.2,33.2,0.72,Americas,ColombiaC1,colombiac,3330.03,,,,,,34
76.1,32.7,0.75,Americas,ColombiaC1,colombiac,6433.48,,,,,,59
33.4,26.1,0.66,Americas,ColombiaC1,colombiac,893.78,,,,,,43
126.7,35.9,0.73,Americas,ColombiaC1,colombiac,9704.27,,,,,,33
57.9,35.6,0.46,Americas,ColombiaC1,colombiac,4812.23,,,,,,27
92.6,41.1,0.47,Americas,ColombiaC1,colombiac,6086.63,,,,,,42
69.6,31.0,0.56,Americas,ColombiaC1,colombiac,5554.7,,,,,,5
8.2,14.9,0.44,Americas,ColombiaC1,colombiac,41.94,,,,,,21
17.1,19.8,0.71,Americas,ColombiaC1,colombiac,212.44,,,,,,49
23.1,22.9,0.75,Americas,ColombiaC1,colombiac,426.54,,,,,,59
55.2,30.8,0.59,Americas,ColombiaC1,colombiac,4544.4,,,,,,36
12.9,17.8,0.85,Americas,ColombiaC1,colombiac,63.3,,,,,,47
56.3,32.9,0.49,Americas,ColombiaC1,colombiac,2167.89,,,,,,24
6.7,11.0,0.3,Americas,ColombiaC1,colombiac,16.26,,,,,,60
10.7,15.0,0.5,Americas,ColombiaC1,colombiac,42.45,,,,,,13
13.8,18.2,0.42,Americas,ColombiaC1,colombiac,58.81,,,,,,25
26.8,21.3,0.36,Americas,ColombiaC1,colombiac,333.55,,,,,,23
90.7,35.0,0.47,Americas,ColombiaC1,colombiac,6148.68,,,,,,42
8.1,10.5,0.47,Americas,ColombiaC1,colombiac,21.13,,,,,,42
38.9,25.2,0.45,Americas,ColombiaC1,colombiac,890.95,,,,,,28
59.3,33.1,0.35,Americas,ColombiaC1,colombiac,2019.98,,,,,,61
27.3,22.9,0.32,Americas,ColombiaC1,colombiac,531.76,,,,,,17
18.9,20.3,0.27,Americas,ColombiaC1,colombiac,218.99,,,,,,62
27.6,28.8,0.63,Americas,ColombiaC1,colombiac,951.33,,,,,,4
44.3,25.8,0.69,Americas,ColombiaC1,colombiac,957.41,,,,,,32
59.4,27.3,0.38,Americas,ColombiaC1,colombiac,3727.6,,,,,,20
74.2,39.4,0.48,Americas,ColombiaC1,colombiac,7660.39,,,,,,26
76.7,33.8,0.49,Americas,ColombiaC1,colombiac,6082.54,,,,,,24
82.3,33.6,0.46,Americas,ColombiaC1,colombiac,7117.01,,,,,,27
9.4,16.3,0.63,Americas,ColombiaC1,colombiac,32.92,,,,,,4
11.1,16.5,0.34,Americas,ColombiaC1,colombiac,45.19,,,,,,18
15.9,17.4,0.55,Americas,ColombiaC1,colombiac,127.79,,,,,,6
24.5,18.0,0.46,Americas,ColombiaC1,colombiac,258.96,,,,,,27
34.3,26.0,0.42,Americas,ColombiaC1,colombiac,783.01,,,,,,25
42.7,27.0,0.5,Americas,ColombiaC1,colombiac,1666.5,,,,,,13
5.6,7.9,0.5,Americas,ColombiaC1,colombiac,9.75,,,,,,13
25.1,23.9,0.48,Americas,ColombiaC1,colombiac,382.72,,,,,,26
40.4,27.6,0.41,Americas,ColombiaC1,colombiac,1524.67,,,,,,22
47.7,29.0,0.4,Americas,ColombiaC1,colombiac,1640.95,,,,,,15
11.1,13.3,0.32,Americas,ColombiaG1,colombiag,67.32,,,,,,17
14.8,17.7,0.31,Americas,ColombiaG1,colombiag,85.89,,,,,,44
17.8,18.8,0.3,Americas,ColombiaG1,colombiag,121.29,,,,,,60
18.8,19.3,0.33,Americas,ColombiaG1,colombiag,128.44,,,,,,58
19.5,18.7,0.25,Americas,ColombiaG1,colombiag,131.28,,,,,,63
22.4,19.2,0.37,Americas,ColombiaG1,colombiag,153.44,,,,,,64
24.3,20.9,0.35,Americas,ColombiaG1,colombiag,226.7,,,,,,61
28.9,21.5,0.32,Americas,ColombiaG1,colombiag,443.05,,,,,,17
29.8,21.8,0.39,Americas,ColombiaG1,colombiag,391.18,,,,,,19
37.5,23.0,0.34,Americas,ColombiaG1,colombiag,680.78,,,,,,18
38.5,23.4,0.33,Americas,ColombiaG1,colombiag,717.28,,,,,,58
47.8,24.7,0.54,Americas,ColombiaG1,colombiag,2094.52,,,,,,7
25.2,19.3,0.28,Americas,ColombiaG1,colombiag,454.47,,,,,,65
28.2,19.7,0.3,Americas,ColombiaG1,colombiag,364.78,,,,,,60
38.7,21.8,0.34,Americas,ColombiaG1,colombiag,485.73,,,,,,18
40.5,25.1,0.3,Americas,ColombiaG1,colombiag,458.33,,,,,,60
40.8,27.0,0.33,Americas,ColombiaG1,colombiag,494.18,,,,,,58
52.4,28.3,0.29,Americas,ColombiaG1,colombiag,1156.23,,,,,,16
52.7,26.1,0.34,Americas,ColombiaG1,colombiag,1333.77,,,,,,18
56.1,23.2,0.36,Americas,ColombiaG1,colombiag,1205.03,,,,,,23
57.9,25.3,0.25,Americas,ColombiaG1,colombiag,1454.18,,,,,,63
61.8,26.2,0.29,Americas,ColombiaG1,colombiag,1409.55,,,,,,16
63.1,29.8,0.33,Americas,ColombiaG1,colombiag,1939.67,,,,,,58
63.7,28.2,0.31,Americas,ColombiaG1,colombiag,1769.64,,,,,,44
65.5,30.3,0.36,Americas,ColombiaG1,colombiag,1745.98,,,,,,23
67.0,29.8,0.3,Americas,ColombiaG1,colombiag,2327.65,,,,,,60
70.3,32.5,0.34,Americas,ColombiaG1,colombiag,2837.34,,,,,,18
70.9,28.0,0.3,Americas,ColombiaG1,colombiag,2519.89,,,,,,60
49.8,33.0,0.83,Americas,ColombiaG1,colombiag,2259.24,,,,,,1
15.8,18.2,0.49,Americas,ColombiaG1,colombiag,141.7,,,,,,24
23.8,26.1,0.56,Americas,ColombiaG1,colombiag,545.36,,,,,,5
32.3,33.6,0.53,Americas,ColombiaG1,colombiag,780.26,,,,,,8
37.1,26.0,0.51,Americas,ColombiaG1,colombiag,615.81,,,,,,10
38.8,24.9,0.53,Americas,ColombiaG1,colombiag,876.71,,,,,,8
50.2,29.0,0.47,Americas,ColombiaG1,colombiag,1330.51,,,,,,42
68.7,29.8,0.56,Americas,ColombiaG1,colombiag,5110.31,,,,,,5
7.2,11.3,0.35,Americas,ColombiaG2,colombiag,13.01,,,,,,61
10.7,15.5,0.4,Americas,ColombiaG2,colombiag,32.51,,,,,,15
12.5,19.3,0.36,Americas,ColombiaG2,colombiag,54.39,,,,,,23
5.8,11.9,0.4,Americas,ColombiaG2,colombiag,21.83,,,,,,15
6.2,11.9,0.39,Americas,ColombiaG2,colombiag,16.96,,,,,,19
10.7,11.6,0.33,Americas,ColombiaG2,colombiag,31.13,,,,,,58
11.3,13.0,0.36,Americas,ColombiaG2,colombiag,45.26,,,,,,23
5.7,6.6,0.6,Americas,ColombiaG2,colombiag,8.12,,,,,,14
6.6,9.4,0.57,Americas,ColombiaG2,colombiag,15.15,,,,,,9
9.3,12.9,0.47,Americas,ColombiaG2,colombiag,50.42,,,,,,42
18.6,9.3,0.6,Americas,ColombiaM1,colombiam,174.05,,,,,,14
25.1,20.0,0.65,Americas,ColombiaM1,colombiam,495.1,,,,,,37
86.0,29.4,0.58,Americas,ColombiaM1,colombiam,5533.39,,,,,,12
17.3,17.5,0.55,Americas,ColombiaM1,colombiam,175.66,,,,,,6
28.5,21.3,0.51,Americas,ColombiaM1,colombiam,644.01,,,,,,10
36.6,22.3,0.43,Americas,ColombiaM1,colombiam,899.35,,,,,,41
37.9,14.6,0.42,Americas,ColombiaM1,colombiam,535.31,,,,,,25
43.3,28.8,0.53,Americas,ColombiaM1,colombiam,4666.75,,,,,,8
97.1,36.2,0.57,Americas,ColombiaM1,colombiam,18831.51,,,,,,9
111.9,32.4,0.59,Americas,ColombiaM1,colombiam,11657.6,,,,,,36
21.1,17.4,0.55,Americas,ColombiaM1,colombiam,194.58,,,,,,6
31.8,17.8,0.54,Americas,ColombiaM1,colombiam,414.42,,,,,,7
43.5,24.1,0.54,Americas,ColombiaM1,colombiam,970.48,,,,,,7
17.2,28.4,0.78,Americas,ColombiaM1,colombiam,236.27,,,,,,45
23.0,24.3,0.79,Americas,ColombiaM1,colombiam,170.95,,,,,,54
29.0,31.4,0.82,Americas,ColombiaM1,colombiam,954.96,,,,,,50
56.5,28.4,0.74,Americas,ColombiaM1,colombiam,4355.18,,,,,,30
73.7,39.5,0.75,Americas,ColombiaM1,colombiam,5175.71,,,,,,59
78.0,32.3,0.77,Americas,ColombiaM1,colombiam,7880.89,,,,,,52
37.1,20.4,0.73,Americas,ColombiaM1,colombiam,1463.33,,,,,,33
60.8,45.1,0.7,Americas,ColombiaM1,colombiam,4374.88,,,,,,39
62.1,46.4,0.73,Americas,ColombiaM1,colombiam,5403.71,,,,,,33
69.6,45.5,0.74,Americas,ColombiaM1,colombiam,6686.1,,,,,,30
89.8,43.8,0.74,Americas,ColombiaM1,colombiam,12788.55,,,,,,30
6.5,10.7,0.69,Americas,ColombiaM2,colombiam,20.41,,,,,,32
6.8,9.5,0.55,Americas,ColombiaM2,colombiam,8.33,,,,,,6
8.4,12.1,0.58,Americas,ColombiaM2,colombiam,25.73,,,,,,12
8.7,11.9,0.58,Americas,ColombiaM2,colombiam,27.61,,,,,,12
8.7,11.4,0.6,Americas,ColombiaM2,colombiam,24.06,,,,,,14
10.0,10.9,0.57,Americas,ColombiaM2,colombiam,28.05,,,,,,9
10.9,16.3,0.65,Americas,ColombiaM2,colombiam,35.23,,,,,,37
5.0,7.5,0.74,Americas,ColombiaM2,colombiam,9.37,,,,,,30
11.8,17.8,0.66,Americas,ColombiaM2,colombiam,84.91,,,,,,43
18.0,22.5,0.53,Americas,CostaRic,costaric,153.35,3824.0,1.0,Wet,0,42,8
21.9,19.0,0.53,Americas,CostaRic,costaric,136.45,3824.0,1.0,Wet,0,42,8
21.9,21.9,0.53,Americas,CostaRic,costaric,187.91,3824.0,1.0,Wet,0,42,8
26.4,26.7,0.53,Americas,CostaRic,costaric,420.71,3824.0,1.0,Wet,0,42,8
32.3,32.5,0.53,Americas,CostaRic,costaric,716.11,3824.0,1.0,Wet,0,42,8
36.8,27.0,0.53,Americas,CostaRic,costaric,733.28,3824.0,1.0,Wet,0,42,8
40.5,27.5,0.53,Americas,CostaRic,costaric,836.25,3824.0,1.0,Wet,0,42,8
47.6,35.2,0.53,Americas,CostaRic,costaric,1731.78,3824.0,1.0,Wet,0,42,8
51.2,34.1,0.53,Americas,CostaRic,costaric,1671.67,3824.0,1.0,Wet,0,42,8
51.4,34.7,0.53,Americas,CostaRic,costaric,2441.73,3824.0,1.0,Wet,0,42,8
54.5,36.5,0.53,Americas,CostaRic,costaric,2137.32,3824.0,1.0,Wet,0,42,8
55.2,35.1,0.53,Americas,CostaRic,costaric,1940.97,3824.0,1.0,Wet,0,42,8
65.8,42.0,0.53,Americas,CostaRic,costaric,3287.95,3824.0,1.0,Wet,0,42,8
75.5,32.2,0.53,Americas,CostaRic,costaric,4503.63,3824.0,1.0,Wet,0,42,8
76.0,41.7,0.53,Americas,CostaRic,costaric,5066.42,3824.0,1.0,Wet,0,42,8
79.0,40.8,0.53,Americas,CostaRic,costaric,5726.35,3824.0,1.0,Wet,0,42,8
81.6,40.1,0.53,Americas,CostaRic,costaric,5228.81,3824.0,1.0,Wet,0,42,8
97.5,36.0,0.53,Americas,CostaRic,costaric,5453.61,3824.0,1.0,Wet,0,42,8
99.5,49.0,0.53,Americas,CostaRic,costaric,8962.32,3824.0,1.0,Wet,0,42,8
116.0,40.5,0.53,Americas,CostaRic,costaric,13922.08,3824.0,1.0,Wet,0,42,8
17.6,18.0,0.6,Americas,CostaRic,costaric,131.61,3824.0,1.0,Wet,0,42,14
19.5,23.7,0.6,Americas,CostaRic,costaric,231.23,3824.0,1.0,Wet,0,42,14
20.4,17.7,0.6,Americas,CostaRic,costaric,182.42,3824.0,1.0,Wet,0,42,14
29.7,20.2,0.6,Americas,CostaRic,costaric,438.22,3824.0,1.0,Wet,0,42,14
40.4,27.6,0.6,Americas,CostaRic,costaric,1126.53,3824.0,1.0,Wet,0,42,14
44.5,28.3,0.6,Americas,CostaRic,costaric,1037.83,3824.0,1.0,Wet,0,42,14
44.5,28.3,0.6,Americas,CostaRic,costaric,1230.67,3824.0,1.0,Wet,0,42,14
47.2,31.0,0.6,Americas,CostaRic,costaric,1516.63,3824.0,1.0,Wet,0,42,14
47.3,30.0,0.6,Americas,CostaRic,costaric,1470.88,3824.0,1.0,Wet,0,42,14
50.0,27.0,0.6,Americas,CostaRic,costaric,1545.38,3824.0,1.0,Wet,0,42,14
54.2,30.4,0.6,Americas,CostaRic,costaric,1937.08,3824.0,1.0,Wet,0,42,14
64.8,32.3,0.6,Americas,CostaRic,costaric,2130.62,3824.0,1.0,Wet,0,42,14
66.4,36.9,0.6,Americas,CostaRic,costaric,3576.06,3824.0,1.0,Wet,0,42,14
70.1,29.5,0.6,Americas,CostaRic,costaric,2427.47,3824.0,1.0,Wet,0,42,14
70.4,32.1,0.6,Americas,CostaRic,costaric,2643.89,3824.0,1.0,Wet,0,42,14
70.5,27.2,0.6,Americas,CostaRic,costaric,2278.7,3824.0,1.0,Wet,0,42,14
70.8,34.5,0.6,Americas,CostaRic,costaric,3101.13,3824.0,1.0,Wet,0,42,14
93.9,32.5,0.6,Americas,CostaRic,costaric,5615.16,3824.0,1.0,Wet,0,42,14
97.3,31.3,0.6,Americas,CostaRic,costaric,4386.58,3824.0,1.0,Wet,0,42,14
112.4,37.0,0.6,Americas,CostaRic,costaric,5848.68,3824.0,1.0,Wet,0,42,14
115.0,33.3,0.6,Americas,CostaRic,costaric,7915.57,3824.0,1.0,Wet,0,42,14
7.5,14.1,0.72,Americas,CostaRic,costaric,21.85,3824.0,1.0,Wet,0,42,34
8.2,10.6,0.72,Americas,CostaRic,costaric,26.95,3824.0,1.0,Wet,0,42,34
8.5,12.9,0.72,Americas,CostaRic,costaric,17.91,3824.0,1.0,Wet,0,42,34
9.6,14.4,0.72,Americas,CostaRic,costaric,42.17,3824.0,1.0,Wet,0,42,34
12.5,15.3,0.72,Americas,CostaRic,costaric,66.31,3824.0,1.0,Wet,0,42,34
16.2,16.9,0.72,Americas,CostaRic,costaric,99.14,3824.0,1.0,Wet,0,42,34
17.3,18.5,0.72,Americas,CostaRic,costaric,121.02,3824.0,1.0,Wet,0,42,34
17.6,17.5,0.72,Americas,CostaRic,costaric,112.39,3824.0,1.0,Wet,0,42,34
19.1,21.0,0.72,Americas,CostaRic,costaric,175.41,3824.0,1.0,Wet,0,42,34
24.2,22.6,0.72,Americas,CostaRic,costaric,350.36,3824.0,1.0,Wet,0,42,34
27.5,23.6,0.72,Americas,CostaRic,costaric,398.96,3824.0,1.0,Wet,0,42,34
28.2,22.2,0.72,Americas,CostaRic,costaric,455.05,3824.0,1.0,Wet,0,42,34
31.6,18.1,0.72,Americas,CostaRic,costaric,464.26,3824.0,1.0,Wet,0,42,34
32.2,17.2,0.72,Americas,CostaRic,costaric,299.78,3824.0,1.0,Wet,0,42,34
32.2,24.5,0.72,Americas,CostaRic,costaric,577.64,3824.0,1.0,Wet,0,42,34
32.2,24.3,0.72,Americas,CostaRic,costaric,695.51,3824.0,1.0,Wet,0,42,34
32.8,21.6,0.72,Americas,CostaRic,costaric,460.88,3824.0,1.0,Wet,0,42,34
12.2,13.9,0.41,Americas,CostaRic,costaric,44.18,3824.0,1.0,Wet,0,42,22
14.9,17.1,0.41,Americas,CostaRic,costaric,62.58,3824.0,1.0,Wet,0,42,22
16.2,17.3,0.41,Americas,CostaRic,costaric,85.77,3824.0,1.0,Wet,0,42,22
21.2,18.6,0.41,Americas,CostaRic,costaric,210.58,3824.0,1.0,Wet,0,42,22
21.6,21.0,0.41,Americas,CostaRic,costaric,197.58,3824.0,1.0,Wet,0,42,22
21.6,24.7,0.41,Americas,CostaRic,costaric,339.99,3824.0,1.0,Wet,0,42,22
27.7,22.9,0.41,Americas,CostaRic,costaric,406.63,3824.0,1.0,Wet,0,42,22
32.0,26.9,0.41,Americas,CostaRic,costaric,444.08,3824.0,1.0,Wet,0,42,22
34.9,34.3,0.41,Americas,CostaRic,costaric,905.45,3824.0,1.0,Wet,0,42,22
35.3,30.7,0.41,Americas,CostaRic,costaric,740.11,3824.0,1.0,Wet,0,42,22
35.9,32.0,0.41,Americas,CostaRic,costaric,705.65,3824.0,1.0,Wet,0,42,22
41.0,31.0,0.41,Americas,CostaRic,costaric,731.06,3824.0,1.0,Wet,0,42,22
44.2,32.9,0.41,Americas,CostaRic,costaric,1310.42,3824.0,1.0,Wet,0,42,22
44.5,33.0,0.41,Americas,CostaRic,costaric,1374.22,3824.0,1.0,Wet,0,42,22
45.3,35.0,0.41,Americas,CostaRic,costaric,1528.54,3824.0,1.0,Wet,0,42,22
50.1,40.0,0.41,Americas,CostaRic,costaric,1913.55,3824.0,1.0,Wet,0,42,22
50.4,32.8,0.41,Americas,CostaRic,costaric,2172.58,3824.0,1.0,Wet,0,42,22
58.2,30.4,0.41,Americas,CostaRic,costaric,1915.42,3824.0,1.0,Wet,0,42,22
18.4,19.0,0.41,Americas,CostaRic,costaric,104.61,3824.0,1.0,Wet,0,42,22
19.1,18.2,0.41,Americas,CostaRic,costaric,129.11,3824.0,1.0,Wet,0,42,22
21.7,18.9,0.41,Americas,CostaRic,costaric,150.12,3824.0,1.0,Wet,0,42,22
24.9,19.4,0.41,Americas,CostaRic,costaric,199.57,3824.0,1.0,Wet,0,42,22
26.5,18.0,0.41,Americas,CostaRic,costaric,223.47,3824.0,1.0,Wet,0,42,22
36.3,24.1,0.41,Americas,CostaRic,costaric,593.52,3824.0,1.0,Wet,0,42,22
38.5,22.7,0.41,Americas,CostaRic,costaric,910.69,3824.0,1.0,Wet,0,42,22
38.8,25.3,0.41,Americas,CostaRic,costaric,648.89,3824.0,1.0,Wet,0,42,22
47.0,25.9,0.41,Americas,CostaRic,costaric,974.02,3824.0,1.0,Wet,0,42,22
51.4,36.1,0.41,Americas,CostaRic,costaric,1433.8,3824.0,1.0,Wet,0,42,22
52.9,30.3,0.41,Americas,CostaRic,costaric,1277.62,3824.0,1.0,Wet,0,42,22
55.2,31.9,0.41,Americas,CostaRic,costaric,1873.1,3824.0,1.0,Wet,0,42,22
63.7,34.6,0.41,Americas,CostaRic,costaric,3172.89,3824.0,1.0,Wet,0,42,22
66.6,33.5,0.41,Americas,CostaRic,costaric,2121.08,3824.0,1.0,Wet,0,42,22
72.0,31.4,0.41,Americas,CostaRic,costaric,3392.88,3824.0,1.0,Wet,0,42,22
73.0,34.4,0.41,Americas,CostaRic,costaric,3093.4,3824.0,1.0,Wet,0,42,22
74.3,33.9,0.41,Americas,CostaRic,costaric,3204.9,3824.0,1.0,Wet,0,42,22
80.0,36.0,0.41,Americas,CostaRic,costaric,3976.15,3824.0,1.0,Wet,0,42,22
87.5,37.0,0.41,Americas,CostaRic,costaric,4976.31,3824.0,1.0,Wet,0,42,22
88.0,44.7,0.41,Americas,CostaRic,costaric,4884.07,3824.0,1.0,Wet,0,42,22
93.2,40.1,0.41,Americas,CostaRic,costaric,6976.79,3824.0,1.0,Wet,0,42,22
8.8,9.0,0.58,Americas,FrenchGu,frenchgu,13.51,3125.0,1.0,Moist,2,50,12
8.9,14.8,0.68,Americas,FrenchGu,frenchgu,23.12,3125.0,1.0,Moist,2,50,56
8.0,11.9,0.56,Americas,FrenchGu,frenchgu,17.9,3125.0,1.0,Moist,2,50,5
5.4,8.9,0.82,Americas,FrenchGu,frenchgu,9.12,3125.0,1.0,Moist,2,50,50
6.1,9.0,0.82,Americas,FrenchGu,frenchgu,11.82,3125.0,1.0,Moist,2,50,50
15.0,17.8,0.82,Americas,FrenchGu,frenchgu,167.17,3125.0,1.0,Moist,2,50,50
6.4,12.8,0.7,Americas,FrenchGu,frenchgu,11.79,3125.0,1.0,Moist,2,50,39
58.9,33.0,0.58,Americas,FrenchGu,frenchgu,6082.91,3125.0,1.0,Moist,2,50,12
5.4,5.6,0.62,Americas,FrenchGu,frenchgu,2.16,3125.0,1.0,Moist,2,50,35
10.4,14.7,0.64,Americas,FrenchGu,frenchgu,50.69,3125.0,1.0,Moist,2,50,38
10.5,16.8,0.51,Americas,FrenchGu,frenchgu,25.82,3125.0,1.0,Moist,2,50,10
21.3,24.8,0.52,Americas,FrenchGu,frenchgu,245.89,3125.0,1.0,Moist,2,50,11
26.1,28.3,0.44,Americas,FrenchGu,frenchgu,340.17,3125.0,1.0,Moist,2,50,21
117.8,38.5,0.4,Americas,FrenchGu,frenchgu,11372.7,3125.0,1.0,Moist,2,50,15
14.3,17.0,0.69,Americas,FrenchGu,frenchgu,73.81,3125.0,1.0,Moist,2,50,32
5.1,7.0,0.69,Americas,FrenchGu,frenchgu,5.01,3125.0,1.0,Moist,2,50,32
5.4,7.7,0.69,Americas,FrenchGu,frenchgu,6.66,3125.0,1.0,Moist,2,50,32
5.1,7.4,0.62,Americas,FrenchGu,frenchgu,6.16,3125.0,1.0,Moist,2,50,35
5.9,7.6,0.61,Americas,FrenchGu,frenchgu,7.85,3125.0,1.0,Moist,2,50,40
7.3,11.1,0.62,Americas,FrenchGu,frenchgu,16.71,3125.0,1.0,Moist,2,50,35
8.9,9.0,0.68,Americas,FrenchGu,frenchgu,38.17,3125.0,1.0,Moist,2,50,56
14.6,17.1,0.64,Americas,FrenchGu,frenchgu,95.27,3125.0,1.0,Moist,2,50,38
18.1,22.3,0.25,Americas,FrenchGu,frenchgu,83.53,3125.0,1.0,Moist,2,50,63
11.5,16.2,0.75,Americas,FrenchGu,frenchgu,62.54,3125.0,1.0,Moist,2,50,59
16.6,22.3,0.63,Americas,FrenchGu,frenchgu,216.41,3125.0,1.0,Moist,2,50,4
9.7,10.6,0.56,Americas,FrenchGu,frenchgu,21.06,3125.0,1.0,Moist,2,50,5
11.9,17.1,0.65,Americas,FrenchGu,frenchgu,51.26,3125.0,1.0,Moist,2,50,37
15.0,17.2,0.77,Americas,FrenchGu,frenchgu,118.53,3125.0,1.0,Moist,2,50,52
15.0,12.3,0.75,Americas,FrenchGu,frenchgu,89.96,3125.0,1.0,Moist,2,50,59
28.0,24.0,0.46,Americas,FrenchGu,frenchgu,284.68,3125.0,1.0,Moist,2,50,27
21.0,18.5,0.52,Americas,FrenchGu,frenchgu,187.67,3125.0,1.0,Moist,2,50,11
8.4,11.0,0.62,Americas,FrenchGu,frenchgu,15.11,3125.0,1.0,Moist,2,50,35
9.4,12.8,0.52,Americas,FrenchGu,frenchgu,14.66,3125.0,1.0,Moist,2,50,11
49.3,47.0,0.52,Americas,FrenchGu,frenchgu,2449.17,3125.0,1.0,Moist,2,50,11
44.6,40.0,0.64,Americas,FrenchGu,frenchgu,2436.11,3125.0,1.0,Moist,2,50,38
50.0,35.0,0.65,Americas,FrenchGu,frenchgu,2946.3,3125.0,1.0,Moist,2,50,37
10.2,12.4,0.25,Americas,FrenchGu,frenchgu,11.45,3125.0,1.0,Moist,2,50,63
18.5,20.7,0.7,Americas,FrenchGu,frenchgu,240.84,3125.0,1.0,Moist,2,50,39
29.3,26.6,0.77,Americas,FrenchGu,frenchgu,909.09,3125.0,1.0,Moist,2,50,52
34.4,25.4,0.65,Americas,FrenchGu,frenchgu,954.03,3125.0,1.0,Moist,2,50,37
5.1,7.0,0.74,Americas,FrenchGu,frenchgu,4.16,3125.0,1.0,Moist,2,50,30
7.7,6.2,0.56,Americas,FrenchGu,frenchgu,10.17,3125.0,1.0,Moist,2,50,5
9.1,11.8,0.64,Americas,FrenchGu,frenchgu,25.75,3125.0,1.0,Moist,2,50,38
14.6,17.0,0.73,Americas,FrenchGu,frenchgu,107.6,3125.0,1.0,Moist,2,50,33
17.2,20.4,0.73,Americas,FrenchGu,frenchgu,240.97,3125.0,1.0,Moist,2,50,33
44.3,31.0,0.64,Americas,FrenchGu,frenchgu,1736.3,3125.0,1.0,Moist,2,50,38
5.2,8.8,0.68,Americas,FrenchGu,frenchgu,8.17,3125.0,1.0,Moist,2,50,56
5.4,7.0,0.68,Americas,FrenchGu,frenchgu,8.89,3125.0,1.0,Moist,2,50,56
6.1,9.5,0.68,Americas,FrenchGu,frenchgu,7.3,3125.0,1.0,Moist,2,50,56
16.1,20.0,0.62,Americas,FrenchGu,frenchgu,127.25,3125.0,1.0,Moist,2,50,35
19.3,15.4,0.68,Americas,FrenchGu,frenchgu,97.15,3125.0,1.0,Moist,2,50,56
70.0,38.7,0.68,Americas,FrenchGu,frenchgu,8243.88,3125.0,1.0,Moist,2,50,56
8.1,10.2,0.68,Americas,FrenchGu,frenchgu,20.51,3125.0,1.0,Moist,2,50,56
12.1,16.6,0.59,Americas,FrenchGu,frenchgu,67.13,3125.0,1.0,Moist,2,50,36
27.9,29.6,0.69,Americas,FrenchGu,frenchgu,654.53,3125.0,1.0,Moist,2,50,32
5.0,10.2,0.74,Americas,FrenchGu,frenchgu,7.1,3125.0,1.0,Moist,2,50,30
5.0,10.5,0.74,Americas,FrenchGu,frenchgu,6.93,3125.0,1.0,Moist,2,50,30
5.1,9.0,0.74,Americas,FrenchGu,frenchgu,5.38,3125.0,1.0,Moist,2,50,30
5.1,9.1,0.74,Americas,FrenchGu,frenchgu,5.55,3125.0,1.0,Moist,2,50,30
5.4,6.0,0.74,Americas,FrenchGu,frenchgu,4.66,3125.0,1.0,Moist,2,50,30
5.4,9.0,0.74,Americas,FrenchGu,frenchgu,7.5,3125.0,1.0,Moist,2,50,30
5.7,8.4,0.74,Americas,FrenchGu,frenchgu,7.26,3125.0,1.0,Moist,2,50,30
6.1,12.4,0.59,Americas,FrenchGu,frenchgu,9.04,3125.0,1.0,Moist,2,50,36
6.1,10.2,0.74,Americas,FrenchGu,frenchgu,9.75,3125.0,1.0,Moist,2,50,30
6.3,9.5,0.74,Americas,FrenchGu,frenchgu,3.79,3125.0,1.0,Moist,2,50,30
7.3,9.8,0.65,Americas,FrenchGu,frenchgu,9.64,3125.0,1.0,Moist,2,50,37
7.6,9.9,0.74,Americas,FrenchGu,frenchgu,13.17,3125.0,1.0,Moist,2,50,30
7.6,6.7,0.74,Americas,FrenchGu,frenchgu,10.28,3125.0,1.0,Moist,2,50,30
8.3,12.7,0.65,Americas,FrenchGu,frenchgu,18.25,3125.0,1.0,Moist,2,50,37
8.4,14.4,0.63,Americas,FrenchGu,frenchgu,32.49,3125.0,1.0,Moist,2,50,4
10.5,10.8,0.74,Americas,FrenchGu,frenchgu,49.57,3125.0,1.0,Moist,2,50,30
11.3,15.3,0.74,Americas,FrenchGu,frenchgu,50.99,3125.0,1.0,Moist,2,50,30
11.5,13.9,0.73,Americas,FrenchGu,frenchgu,47.24,3125.0,1.0,Moist,2,50,33
13.1,18.0,0.65,Americas,FrenchGu,frenchgu,98.51,3125.0,1.0,Moist,2,50,37
15.4,16.1,0.69,Americas,FrenchGu,frenchgu,102.15,3125.0,1.0,Moist,2,50,32
16.6,15.5,0.65,Americas,FrenchGu,frenchgu,130.13,3125.0,1.0,Moist,2,50,37
19.6,19.7,0.74,Americas,FrenchGu,frenchgu,379.86,3125.0,1.0,Moist,2,50,30
22.3,27.8,0.74,Americas,FrenchGu,frenchgu,422.54,3125.0,1.0,Moist,2,50,30
27.4,26.9,0.74,Americas,FrenchGu,frenchgu,849.95,3125.0,1.0,Moist,2,50,30
27.7,25.3,0.69,Americas,FrenchGu,frenchgu,818.61,3125.0,1.0,Moist,2,50,32
29.8,24.8,0.74,Americas,FrenchGu,frenchgu,694.59,3125.0,1.0,Moist,2,50,30
35.0,20.4,0.67,Americas,FrenchGu,frenchgu,866.76,3125.0,1.0,Moist,2,50,29
35.0,28.0,0.74,Americas,FrenchGu,frenchgu,1657.59,3125.0,1.0,Moist,2,50,30
10.8,15.5,0.72,Americas,FrenchGu,frenchgu,65.46,3125.0,1.0,Moist,2,50,34
5.7,5.6,0.75,Americas,FrenchGu,frenchgu,8.08,3125.0,1.0,Moist,2,50,59
6.2,13.2,0.75,Americas,FrenchGu,frenchgu,14.07,3125.0,1.0,Moist,2,50,59
7.6,8.2,0.65,Americas,FrenchGu,frenchgu,9.42,3125.0,1.0,Moist,2,50,37
6.9,6.1,0.61,Americas,FrenchGu,frenchgu,7.0,3125.0,1.0,Moist,2,50,40
5.0,8.0,0.61,Americas,FrenchGu,frenchgu,4.36,3125.0,1.0,Moist,2,50,40
5.1,7.2,0.71,Americas,FrenchGu,frenchgu,3.87,3125.0,1.0,Moist,2,50,49
12.7,14.8,0.66,Americas,FrenchGu,frenchgu,84.34,3125.0,1.0,Moist,2,50,43
12.1,15.6,0.63,Americas,FrenchGu,frenchgu,64.32,3125.0,1.0,Moist,2,50,4
15.6,17.5,0.66,Americas,FrenchGu,frenchgu,89.54,3125.0,1.0,Moist,2,50,43
6.2,6.8,0.65,Americas,FrenchGu,frenchgu,10.93,3125.0,1.0,Moist,2,50,37
7.2,6.1,0.65,Americas,FrenchGu,frenchgu,10.24,3125.0,1.0,Moist,2,50,37
7.8,11.6,0.65,Americas,FrenchGu,frenchgu,18.67,3125.0,1.0,Moist,2,50,37
12.4,12.7,0.69,Americas,FrenchGu,frenchgu,53.74,3125.0,1.0,Moist,2,50,32
13.7,18.6,0.48,Americas,FrenchGu,frenchgu,49.29,3125.0,1.0,Moist,2,50,26
15.3,16.0,0.53,Americas,FrenchGu,frenchgu,52.84,3125.0,1.0,Moist,2,50,8
38.8,27.8,0.47,Americas,FrenchGu,frenchgu,692.39,3125.0,1.0,Moist,2,50,42
47.8,27.5,0.5,Americas,FrenchGu,frenchgu,1167.64,3125.0,1.0,Moist,2,50,13
9.2,11.3,0.71,Americas,FrenchGu,frenchgu,33.09,3125.0,1.0,Moist,2,50,49
14.0,14.4,0.7,Americas,FrenchGu,frenchgu,77.25,3125.0,1.0,Moist,2,50,39
17.5,15.8,0.64,Americas,FrenchGu,frenchgu,135.94,3125.0,1.0,Moist,2,50,38
23.2,17.0,0.6,Americas,FrenchGu,frenchgu,316.53,3125.0,1.0,Moist,2,50,14
13.0,17.2,0.58,Americas,FrenchGu,frenchgu,73.79,3125.0,1.0,Moist,2,50,12
8.3,13.1,0.32,Americas,FrenchGu,frenchgu,12.17,3125.0,1.0,Moist,2,50,17
15.0,18.2,0.54,Americas,FrenchGu,frenchgu,96.7,3125.0,1.0,Moist,2,50,7
19.6,16.5,0.47,Americas,FrenchGu,frenchgu,154.43,3125.0,1.0,Moist,2,50,42
21.2,19.6,0.51,Americas,FrenchGu,frenchgu,194.39,3125.0,1.0,Moist,2,50,10
23.6,24.2,0.51,Americas,FrenchGu,frenchgu,311.78,3125.0,1.0,Moist,2,50,10
25.5,26.0,0.57,Americas,FrenchGu,frenchgu,332.59,3125.0,1.0,Moist,2,50,9
35.3,22.4,0.52,Americas,FrenchGu,frenchgu,645.12,3125.0,1.0,Moist,2,50,11
19.7,23.6,0.63,Americas,FrenchGu,frenchgu,219.76,3125.0,1.0,Moist,2,50,4
7.2,10.5,0.35,Americas,FrenchGu,frenchgu,7.25,3125.0,1.0,Moist,2,50,61
5.6,7.4,0.48,Americas,FrenchGu,frenchgu,11.51,3125.0,1.0,Moist,2,50,26
7.6,11.9,0.57,Americas,FrenchGu,frenchgu,16.34,3125.0,1.0,Moist,2,50,9
7.6,10.3,0.48,Americas,FrenchGu,frenchgu,16.16,3125.0,1.0,Moist,2,50,26
8.9,10.6,0.56,Americas,FrenchGu,frenchgu,14.92,3125.0,1.0,Moist,2,50,5
8.0,11.7,0.68,Americas,FrenchGu,frenchgu,19.64,3125.0,1.0,Moist,2,50,56
43.0,30.0,0.6,Americas,FrenchGu,frenchgu,1506.19,3125.0,1.0,Moist,2,50,14
29.6,24.0,0.68,Americas,FrenchGu,frenchgu,759.63,3125.0,1.0,Moist,2,50,56
5.6,10.0,0.69,Americas,FrenchGu,frenchgu,9.55,3125.0,1.0,Moist,2,50,32
6.1,7.8,0.69,Americas,FrenchGu,frenchgu,9.89,3125.0,1.0,Moist,2,50,32
7.0,6.9,0.69,Americas,FrenchGu,frenchgu,7.69,3125.0,1.0,Moist,2,50,32
9.7,12.7,0.69,Americas,FrenchGu,frenchgu,37.48,3125.0,1.0,Moist,2,50,32
11.6,18.4,0.69,Americas,FrenchGu,frenchgu,71.47,3125.0,1.0,Moist,2,50,32
13.2,15.0,0.69,Americas,FrenchGu,frenchgu,90.66,3125.0,1.0,Moist,2,50,32
15.4,19.0,0.44,Americas,FrenchGu,frenchgu,57.49,3125.0,1.0,Moist,2,50,21
17.2,20.8,0.73,Americas,FrenchGu,frenchgu,174.46,3125.0,1.0,Moist,2,50,33
18.0,22.0,0.69,Americas,FrenchGu,frenchgu,251.57,3125.0,1.0,Moist,2,50,32
28.0,25.4,0.6,Americas,FrenchGu,frenchgu,568.79,3125.0,1.0,Moist,2,50,14
23.9,24.7,0.55,Americas,FrenchGu,frenchgu,312.57,3125.0,1.0,Moist,2,50,6
15.0,18.2,0.74,Americas,FrenchGu,frenchgu,123.99,3125.0,1.0,Moist,2,50,30
11.3,16.5,0.7,Americas,FrenchGu,frenchgu,51.93,3125.0,1.0,Moist,2,50,39
11.5,16.5,0.7,Americas,FrenchGu,frenchgu,71.78,3125.0,1.0,Moist,2,50,39
29.6,24.5,0.7,Americas,FrenchGu,frenchgu,603.65,3125.0,1.0,Moist,2,50,39
5.0,7.4,0.62,Americas,FrenchGu,frenchgu,6.51,3125.0,1.0,Moist,2,50,35
5.0,9.5,0.62,Americas,FrenchGu,frenchgu,8.08,3125.0,1.0,Moist,2,50,35
12.1,18.3,0.74,Americas,FrenchGu,frenchgu,76.48,3125.0,1.0,Moist,2,50,30
5.6,9.4,0.74,Americas,FrenchGu,frenchgu,6.91,3125.0,1.0,Moist,2,50,30
6.5,10.5,0.74,Americas,FrenchGu,frenchgu,12.07,3125.0,1.0,Moist,2,50,30
7.6,6.9,0.6,Americas,FrenchGu,frenchgu,11.3,3125.0,1.0,Moist,2,50,14
8.1,8.5,0.74,Americas,FrenchGu,frenchgu,12.55,3125.0,1.0,Moist,2,50,30
8.5,11.2,0.74,Americas,FrenchGu,frenchgu,28.63,3125.0,1.0,Moist,2,50,30
9.6,12.4,0.73,Americas,FrenchGu,frenchgu,36.34,3125.0,1.0,Moist,2,50,33
10.8,12.0,0.74,Americas,FrenchGu,frenchgu,28.77,3125.0,1.0,Moist,2,50,30
18.9,21.2,0.74,Americas,FrenchGu,frenchgu,178.72,3125.0,1.0,Moist,2,50,30
24.4,25.0,0.7,Americas,FrenchGu,frenchgu,471.24,3125.0,1.0,Moist,2,50,39
28.0,30.5,0.74,Americas,FrenchGu,frenchgu,1013.82,3125.0,1.0,Moist,2,50,30
5.3,9.6,0.66,Americas,FrenchGu,frenchgu,8.36,3125.0,1.0,Moist,2,50,43
5.9,6.2,0.66,Americas,FrenchGu,frenchgu,5.15,3125.0,1.0,Moist,2,50,43
6.5,11.9,0.66,Americas,FrenchGu,frenchgu,12.02,3125.0,1.0,Moist,2,50,43
6.8,10.8,0.66,Americas,FrenchGu,frenchgu,12.5,3125.0,1.0,Moist,2,50,43
54.1,20.0,0.63,Americas,FrenchGu,frenchgu,4154.76,3125.0,1.0,Moist,2,50,4
11.1,16.1,0.62,Americas,FrenchGu,frenchgu,19.3,3125.0,1.0,Moist,2,50,35
12.7,16.2,0.6,Americas,FrenchGu,frenchgu,56.47,3125.0,1.0,Moist,2,50,14
44.6,33.0,0.68,Americas,FrenchGu,frenchgu,1363.63,3125.0,1.0,Moist,2,50,56
5.1,9.2,0.82,Americas,FrenchGu,frenchgu,5.87,3125.0,1.0,Moist,2,50,50
5.0,8.0,0.58,Americas,FrenchGu,frenchgu,6.96,3125.0,1.0,Moist,2,50,12
5.1,7.6,0.62,Americas,FrenchGu,frenchgu,7.09,3125.0,1.0,Moist,2,50,35
5.2,12.2,0.78,Americas,FrenchGu,frenchgu,12.46,3125.0,1.0,Moist,2,50,45
5.2,7.1,0.62,Americas,FrenchGu,frenchgu,4.17,3125.0,1.0,Moist,2,50,35
5.2,7.4,0.52,Americas,FrenchGu,frenchgu,4.53,3125.0,1.0,Moist,2,50,11
5.3,9.0,0.72,Americas,FrenchGu,frenchgu,6.77,3125.0,1.0,Moist,2,50,34
5.3,8.6,0.52,Americas,FrenchGu,frenchgu,5.16,3125.0,1.0,Moist,2,50,11
5.5,10.8,0.62,Americas,FrenchGu,frenchgu,14.05,3125.0,1.0,Moist,2,50,35
5.6,10.4,0.62,Americas,FrenchGu,frenchgu,9.01,3125.0,1.0,Moist,2,50,35
5.7,9.4,0.62,Americas,FrenchGu,frenchgu,5.03,3125.0,1.0,Moist,2,50,35
5.7,10.0,0.43,Americas,FrenchGu,frenchgu,3.96,3125.0,1.0,Moist,2,50,41
5.7,5.8,0.62,Americas,FrenchGu,frenchgu,4.44,3125.0,1.0,Moist,2,50,35
5.9,9.5,0.72,Americas,FrenchGu,frenchgu,6.65,3125.0,1.0,Moist,2,50,34
6.0,7.2,0.62,Americas,FrenchGu,frenchgu,4.77,3125.0,1.0,Moist,2,50,35
6.0,7.8,0.62,Americas,FrenchGu,frenchgu,6.57,3125.0,1.0,Moist,2,50,35
6.1,8.4,0.62,Americas,FrenchGu,frenchgu,3.2,3125.0,1.0,Moist,2,50,35
6.1,8.4,0.58,Americas,FrenchGu,frenchgu,8.77,3125.0,1.0,Moist,2,50,12
6.2,6.2,0.62,Americas,FrenchGu,frenchgu,5.51,3125.0,1.0,Moist,2,50,35
6.2,4.5,0.52,Americas,FrenchGu,frenchgu,4.38,3125.0,1.0,Moist,2,50,11
6.4,7.9,0.62,Americas,FrenchGu,frenchgu,7.4,3125.0,1.0,Moist,2,50,35
6.4,9.5,0.72,Americas,FrenchGu,frenchgu,13.41,3125.0,1.0,Moist,2,50,34
6.7,12.0,0.72,Americas,FrenchGu,frenchgu,13.36,3125.0,1.0,Moist,2,50,34
6.7,10.5,0.65,Americas,FrenchGu,frenchgu,10.82,3125.0,1.0,Moist,2,50,37
7.0,10.0,0.58,Americas,FrenchGu,frenchgu,9.87,3125.0,1.0,Moist,2,50,12
7.0,10.6,0.71,Americas,FrenchGu,frenchgu,17.04,3125.0,1.0,Moist,2,50,49
7.1,9.4,0.62,Americas,FrenchGu,frenchgu,11.98,3125.0,1.0,Moist,2,50,35
7.3,12.4,0.58,Americas,FrenchGu,frenchgu,22.72,3125.0,1.0,Moist,2,50,12
7.5,12.0,0.72,Americas,FrenchGu,frenchgu,14.88,3125.0,1.0,Moist,2,50,34
8.2,11.4,0.61,Americas,FrenchGu,frenchgu,16.25,3125.0,1.0,Moist,2,50,40
8.4,10.0,0.5,Americas,FrenchGu,frenchgu,14.53,3125.0,1.0,Moist,2,50,13
8.9,12.6,0.65,Americas,FrenchGu,frenchgu,23.6,3125.0,1.0,Moist,2,50,37
8.9,10.2,0.72,Americas,FrenchGu,frenchgu,26.92,3125.0,1.0,Moist,2,50,34
9.1,13.8,0.68,Americas,FrenchGu,frenchgu,30.04,3125.0,1.0,Moist,2,50,56
9.2,13.2,0.51,Americas,FrenchGu,frenchgu,13.11,3125.0,1.0,Moist,2,50,10
9.2,15.0,0.71,Americas,FrenchGu,frenchgu,38.27,3125.0,1.0,Moist,2,50,49
9.6,11.9,0.58,Americas,FrenchGu,frenchgu,21.87,3125.0,1.0,Moist,2,50,12
10.2,12.1,0.52,Americas,FrenchGu,frenchgu,34.81,3125.0,1.0,Moist,2,50,11
10.2,16.9,0.61,Americas,FrenchGu,frenchgu,36.21,3125.0,1.0,Moist,2,50,40
10.5,10.2,0.61,Americas,FrenchGu,frenchgu,18.13,3125.0,1.0,Moist,2,50,40
10.5,11.5,0.59,Americas,FrenchGu,frenchgu,37.39,3125.0,1.0,Moist,2,50,36
10.7,18.2,0.7,Americas,FrenchGu,frenchgu,61.66,3125.0,1.0,Moist,2,50,39
10.8,13.7,0.52,Americas,FrenchGu,frenchgu,30.7,3125.0,1.0,Moist,2,50,11
10.8,16.5,0.62,Americas,FrenchGu,frenchgu,51.06,3125.0,1.0,Moist,2,50,35
11.1,12.9,0.67,Americas,FrenchGu,frenchgu,28.75,3125.0,1.0,Moist,2,50,29
11.1,16.3,0.6,Americas,FrenchGu,frenchgu,36.22,3125.0,1.0,Moist,2,50,14
11.3,15.5,0.52,Americas,FrenchGu,frenchgu,44.82,3125.0,1.0,Moist,2,50,11
11.5,10.6,0.8,Americas,FrenchGu,frenchgu,44.26,3125.0,1.0,Moist,2,50,55
11.5,15.3,0.58,Americas,FrenchGu,frenchgu,52.04,3125.0,1.0,Moist,2,50,12
11.8,19.1,0.66,Americas,FrenchGu,frenchgu,53.13,3125.0,1.0,Moist,2,50,43
12.1,15.5,0.53,Americas,FrenchGu,frenchgu,45.58,3125.0,1.0,Moist,2,50,8
12.7,19.2,0.72,Americas,FrenchGu,frenchgu,64.7,3125.0,1.0,Moist,2,50,34
13.0,18.1,0.53,Americas,FrenchGu,frenchgu,80.23,3125.0,1.0,Moist,2,50,8
13.1,13.5,0.62,Americas,FrenchGu,frenchgu,23.44,3125.0,1.0,Moist,2,50,35
13.1,12.5,0.7,Americas,FrenchGu,frenchgu,77.29,3125.0,1.0,Moist,2,50,39
13.7,13.8,0.62,Americas,FrenchGu,frenchgu,45.34,3125.0,1.0,Moist,2,50,35
13.7,16.8,0.6,Americas,FrenchGu,frenchgu,67.58,3125.0,1.0,Moist,2,50,14
13.9,14.4,0.61,Americas,FrenchGu,frenchgu,56.6,3125.0,1.0,Moist,2,50,40
14.0,17.1,0.61,Americas,FrenchGu,frenchgu,110.0,3125.0,1.0,Moist,2,50,40
14.3,24.1,0.74,Americas,FrenchGu,frenchgu,240.21,3125.0,1.0,Moist,2,50,30
15.0,19.5,0.62,Americas,FrenchGu,frenchgu,54.95,3125.0,1.0,Moist,2,50,35
17.2,15.3,0.62,Americas,FrenchGu,frenchgu,90.76,3125.0,1.0,Moist,2,50,35
17.2,18.4,0.67,Americas,FrenchGu,frenchgu,247.26,3125.0,1.0,Moist,2,50,29
17.5,22.5,0.62,Americas,FrenchGu,frenchgu,287.85,3125.0,1.0,Moist,2,50,35
17.8,17.8,0.45,Americas,FrenchGu,frenchgu,67.9,3125.0,1.0,Moist,2,50,28
17.8,21.1,0.55,Americas,FrenchGu,frenchgu,102.28,3125.0,1.0,Moist,2,50,6
18.5,22.0,0.57,Americas,FrenchGu,frenchgu,139.64,3125.0,1.0,Moist,2,50,9
19.4,20.6,0.63,Americas,FrenchGu,frenchgu,231.85,3125.0,1.0,Moist,2,50,4
19.7,25.1,0.69,Americas,FrenchGu,frenchgu,213.89,3125.0,1.0,Moist,2,50,32
21.7,24.5,0.7,Americas,FrenchGu,frenchgu,274.99,3125.0,1.0,Moist,2,50,39
22.0,21.0,0.74,Americas,FrenchGu,frenchgu,353.35,3125.0,1.0,Moist,2,50,30
22.0,24.4,0.62,Americas,FrenchGu,frenchgu,358.83,3125.0,1.0,Moist,2,50,35
23.6,19.5,0.63,Americas,FrenchGu,frenchgu,271.3,3125.0,1.0,Moist,2,50,4
23.6,25.6,0.81,Americas,FrenchGu,frenchgu,525.64,3125.0,1.0,Moist,2,50,57
23.9,19.0,0.61,Americas,FrenchGu,frenchgu,292.36,3125.0,1.0,Moist,2,50,40
31.8,23.6,0.54,Americas,FrenchGu,frenchgu,893.44,3125.0,1.0,Moist,2,50,7
38.2,29.4,0.62,Americas,FrenchGu,frenchgu,697.72,3125.0,1.0,Moist,2,50,35
42.7,34.0,0.42,Americas,FrenchGu,frenchgu,1469.49,3125.0,1.0,Moist,2,50,25
52.2,31.2,0.72,Americas,FrenchGu,frenchgu,3299.79,3125.0,1.0,Moist,2,50,34
95.5,37.0,0.55,Americas,FrenchGu,frenchgu,8417.78,3125.0,1.0,Moist,2,50,6
6.4,8.7,0.46,Americas,FrenchGu,frenchgu,6.58,3125.0,1.0,Moist,2,50,27
13.2,20.2,0.64,Americas,FrenchGu,frenchgu,97.39,3125.0,1.0,Moist,2,50,38
14.3,16.0,0.46,Americas,FrenchGu,frenchgu,43.78,3125.0,1.0,Moist,2,50,27
5.1,7.5,0.76,Americas,FrenchGu,frenchgu,6.0,3125.0,1.0,Moist,2,50,31
6.7,6.8,0.76,Americas,FrenchGu,frenchgu,13.27,3125.0,1.0,Moist,2,50,31
8.6,10.6,0.6,Americas,FrenchGu,frenchgu,24.1,3125.0,1.0,Moist,2,50,14
10.2,8.9,0.68,Americas,FrenchGu,frenchgu,31.41,3125.0,1.0,Moist,2,50,56
12.1,15.6,0.69,Americas,FrenchGu,frenchgu,66.13,3125.0,1.0,Moist,2,50,32
12.7,14.3,0.57,Americas,FrenchGu,frenchgu,53.97,3125.0,1.0,Moist,2,50,9
5.3,12.5,0.62,Americas,FrenchGu,frenchgu,11.0,3125.0,1.0,Moist,2,50,35
15.6,17.0,0.8,Americas,FrenchGu,frenchgu,143.54,3125.0,1.0,Moist,2,50,55
75.1,39.4,0.74,Americas,FrenchGu,frenchgu,12607.83,3125.0,1.0,Moist,2,50,30
85.9,45.0,0.74,Americas,FrenchGu,frenchgu,19288.46,3125.0,1.0,Moist,2,50,30
6.5,8.4,0.57,Americas,FrenchGu,frenchgu,8.44,3125.0,1.0,Moist,2,50,9
7.3,6.2,0.57,Americas,FrenchGu,frenchgu,9.43,3125.0,1.0,Moist,2,50,9
8.3,7.3,0.61,Americas,FrenchGu,frenchgu,15.68,3125.0,1.0,Moist,2,50,40
11.8,9.4,0.52,Americas,FrenchGu,frenchgu,24.13,3125.0,1.0,Moist,2,50,11
20.7,18.2,0.29,Americas,FrenchGu,frenchgu,112.23,3125.0,1.0,Moist,2,50,16
8.9,13.8,0.54,Americas,FrenchGu,frenchgu,28.97,3125.0,1.0,Moist,2,50,7
10.2,14.8,0.51,Americas,FrenchGu,frenchgu,21.02,3125.0,1.0,Moist,2,50,10
10.8,14.3,0.53,Americas,FrenchGu,frenchgu,36.21,3125.0,1.0,Moist,2,50,8
14.0,15.8,0.56,Americas,FrenchGu,frenchgu,59.32,3125.0,1.0,Moist,2,50,5
15.9,21.8,0.59,Americas,FrenchGu,frenchgu,96.36,3125.0,1.0,Moist,2,50,36
6.1,10.3,0.62,Americas,FrenchGu,frenchgu,8.09,3125.0,1.0,Moist,2,50,35
6.8,11.5,0.48,Americas,FrenchGu,frenchgu,10.01,3125.0,1.0,Moist,2,50,26
6.1,12.4,0.56,Americas,FrenchGu,frenchgu,12.53,3125.0,1.0,Moist,2,50,5
18.1,21.5,0.53,Americas,FrenchGu,frenchgu,151.11,3125.0,1.0,Moist,2,50,8
5.2,7.1,0.62,Americas,FrenchGu,frenchgu,4.22,3125.0,1.0,Moist,2,50,35
9.1,14.5,0.38,Americas,FrenchGu,frenchgu,42.17,3125.0,1.0,Moist,2,50,20
5.7,10.7,0.73,Americas,FrenchGu,frenchgu,7.39,3125.0,1.0,Moist,2,50,33
7.3,12.6,0.73,Americas,FrenchGu,frenchgu,12.89,3125.0,1.0,Moist,2,50,33
21.3,19.0,0.73,Americas,FrenchGu,frenchgu,193.82,3125.0,1.0,Moist,2,50,33
5.1,7.4,0.73,Americas,FrenchGu,frenchgu,5.75,3125.0,1.0,Moist,2,50,33
11.1,17.0,0.63,Americas,FrenchGu,frenchgu,46.18,3125.0,1.0,Moist,2,50,4
5.1,4.9,0.63,Americas,FrenchGu,frenchgu,2.92,3125.0,1.0,Moist,2,50,4
5.1,5.4,0.63,Americas,FrenchGu,frenchgu,6.42,3125.0,1.0,Moist,2,50,4
5.4,3.1,0.63,Americas,FrenchGu,frenchgu,3.18,3125.0,1.0,Moist,2,50,4
5.7,6.2,0.63,Americas,FrenchGu,frenchgu,4.73,3125.0,1.0,Moist,2,50,4
6.1,12.4,0.63,Americas,FrenchGu,frenchgu,12.7,3125.0,1.0,Moist,2,50,4
6.6,7.7,0.63,Americas,FrenchGu,frenchgu,8.65,3125.0,1.0,Moist,2,50,4
6.7,8.2,0.63,Americas,FrenchGu,frenchgu,11.31,3125.0,1.0,Moist,2,50,4
9.6,11.7,0.62,Americas,FrenchGu,frenchgu,45.95,3125.0,1.0,Moist,2,50,35
78.5,32.0,0.74,Americas,FrenchGu,frenchgu,5931.03,3125.0,1.0,Moist,2,50,30
5.1,10.0,0.59,Americas,FrenchGu,frenchgu,3.86,3125.0,1.0,Moist,2,50,36
5.1,7.2,0.59,Americas,FrenchGu,frenchgu,5.91,3125.0,1.0,Moist,2,50,36
5.7,7.3,0.59,Americas,FrenchGu,frenchgu,6.33,3125.0,1.0,Moist,2,50,36
6.2,7.3,0.59,Americas,FrenchGu,frenchgu,7.47,3125.0,1.0,Moist,2,50,36
6.4,9.5,0.59,Americas,FrenchGu,frenchgu,3.85,3125.0,1.0,Moist,2,50,36
7.0,9.5,0.59,Americas,FrenchGu,frenchgu,4.38,3125.0,1.0,Moist,2,50,36
7.0,10.5,0.69,Americas,FrenchGu,frenchgu,14.27,3125.0,1.0,Moist,2,50,32
7.0,10.4,0.59,Americas,FrenchGu,frenchgu,15.01,3125.0,1.0,Moist,2,50,36
7.1,10.4,0.59,Americas,FrenchGu,frenchgu,16.49,3125.0,1.0,Moist,2,50,36
7.3,8.6,0.59,Americas,FrenchGu,frenchgu,13.27,3125.0,1.0,Moist,2,50,36
7.6,11.0,0.59,Americas,FrenchGu,frenchgu,15.4,3125.0,1.0,Moist,2,50,36
7.6,9.7,0.59,Americas,FrenchGu,frenchgu,21.81,3125.0,1.0,Moist,2,50,36
8.0,11.0,0.59,Americas,FrenchGu,frenchgu,19.96,3125.0,1.0,Moist,2,50,36
8.3,11.5,0.59,Americas,FrenchGu,frenchgu,32.8,3125.0,1.0,Moist,2,50,36
8.3,11.5,0.59,Americas,FrenchGu,frenchgu,34.78,3125.0,1.0,Moist,2,50,36
8.4,11.1,0.59,Americas,FrenchGu,frenchgu,7.97,3125.0,1.0,Moist,2,50,36
8.4,10.5,0.59,Americas,FrenchGu,frenchgu,18.65,3125.0,1.0,Moist,2,50,36
8.6,11.7,0.59,Americas,FrenchGu,frenchgu,26.21,3125.0,1.0,Moist,2,50,36
8.9,12.2,0.59,Americas,FrenchGu,frenchgu,27.64,3125.0,1.0,Moist,2,50,36
9.2,14.4,0.59,Americas,FrenchGu,frenchgu,29.83,3125.0,1.0,Moist,2,50,36
9.2,11.7,0.59,Americas,FrenchGu,frenchgu,25.23,3125.0,1.0,Moist,2,50,36
9.6,13.8,0.59,Americas,FrenchGu,frenchgu,25.11,3125.0,1.0,Moist,2,50,36
10.2,10.5,0.59,Americas,FrenchGu,frenchgu,10.88,3125.0,1.0,Moist,2,50,36
10.2,12.9,0.59,Americas,FrenchGu,frenchgu,38.64,3125.0,1.0,Moist,2,50,36
10.5,14.5,0.59,Americas,FrenchGu,frenchgu,43.03,3125.0,1.0,Moist,2,50,36
10.8,17.2,0.59,Americas,FrenchGu,frenchgu,42.72,3125.0,1.0,Moist,2,50,36
10.8,10.8,0.59,Americas,FrenchGu,frenchgu,30.08,3125.0,1.0,Moist,2,50,36
11.1,13.5,0.59,Americas,FrenchGu,frenchgu,56.29,3125.0,1.0,Moist,2,50,36
11.9,7.6,0.59,Americas,FrenchGu,frenchgu,16.66,3125.0,1.0,Moist,2,50,36
12.7,12.3,0.59,Americas,FrenchGu,frenchgu,56.47,3125.0,1.0,Moist,2,50,36
13.7,13.8,0.59,Americas,FrenchGu,frenchgu,47.95,3125.0,1.0,Moist,2,50,36
14.3,14.5,0.59,Americas,FrenchGu,frenchgu,111.0,3125.0,1.0,Moist,2,50,36
10.8,16.5,0.49,Americas,FrenchGu,frenchgu,28.25,3125.0,1.0,Moist,2,50,24
6.8,10.0,0.5,Americas,FrenchGu,frenchgu,5.96,3125.0,1.0,Moist,2,50,13
10.2,13.5,0.65,Americas,FrenchGu,frenchgu,54.25,3125.0,1.0,Moist,2,50,37
12.7,16.5,0.58,Americas,FrenchGu,frenchgu,52.65,3125.0,1.0,Moist,2,50,12
17.8,16.5,0.57,Americas,FrenchGu,frenchgu,90.11,3125.0,1.0,Moist,2,50,9
6.4,10.9,0.62,Americas,FrenchGu,frenchgu,13.97,3125.0,1.0,Moist,2,50,35
5.1,9.2,0.74,Americas,FrenchGu,frenchgu,6.82,3125.0,1.0,Moist,2,50,30
13.7,15.1,0.74,Americas,FrenchGu,frenchgu,68.78,3125.0,1.0,Moist,2,50,30
13.1,17.0,0.57,Americas,FrenchGu,frenchgu,62.19,3125.0,1.0,Moist,2,50,9
8.6,9.0,0.5,Americas,FrenchGu,frenchgu,14.38,3125.0,1.0,Moist,2,50,13
6.8,7.5,0.6,Americas,FrenchGu,frenchgu,10.55,3125.0,1.0,Moist,2,50,14
9.6,12.8,0.66,Americas,FrenchGu,frenchgu,36.28,3125.0,1.0,Moist,2,50,43
20.7,25.0,0.56,Americas,FrenchGu,frenchgu,178.14,3125.0,1.0,Moist,2,50,5
23.6,20.8,0.6,Americas,FrenchGu,frenchgu,250.26,3125.0,1.0,Moist,2,50,14
17.5,15.9,0.73,Americas,FrenchGu,frenchgu,195.31,3125.0,1.0,Moist,2,50,33
11.4,9.5,0.49,Americas,FrenchGu,frenchgu,31.81,3125.0,1.0,Moist,2,50,24
5.6,12.1,0.71,Americas,FrenchGu,frenchgu,7.63,3125.0,1.0,Moist,2,50,49
5.9,8.5,0.82,Americas,FrenchGu,frenchgu,3.12,3125.0,1.0,Moist,2,50,50
7.6,15.5,0.39,Americas,FrenchGu,frenchgu,16.19,3125.0,1.0,Moist,2,50,19
6.4,11.4,0.7,Americas,FrenchGu,frenchgu,8.02,3125.0,1.0,Moist,2,50,39
5.2,9.4,0.7,Americas,FrenchGu,frenchgu,7.74,3125.0,1.0,Moist,2,50,39
25.5,27.0,0.71,Americas,FrenchGu,frenchgu,468.06,3125.0,1.0,Moist,2,50,49
64.6,38.0,0.48,Americas,FrenchGu,frenchgu,3417.6,3125.0,1.0,Moist,2,50,26
24.8,19.2,0.49,Americas,FrenchGu,frenchgu,199.93,3125.0,1.0,Moist,2,50,24
5.1,8.2,0.58,Americas,FrenchGu,frenchgu,7.61,3125.0,1.0,Moist,2,50,12
7.3,10.3,0.71,Americas,FrenchGu,frenchgu,22.57,3125.0,1.0,Moist,2,50,49
18.1,21.0,0.65,Americas,FrenchGu,frenchgu,172.43,3125.0,1.0,Moist,2,50,37
7.5,9.9,0.54,Americas,FrenchGu,frenchgu,13.95,3125.0,1.0,Moist,2,50,7
12.1,20.0,0.51,Americas,FrenchGu,frenchgu,33.41,3125.0,1.0,Moist,2,50,10
16.2,18.3,0.58,Americas,FrenchGu,frenchgu,137.65,3125.0,1.0,Moist,2,50,12
57.3,36.5,0.74,Americas,FrenchGu,frenchgu,3999.49,3125.0,1.0,Moist,2,50,30
9.6,10.5,0.39,Americas,FrenchGu,frenchgu,17.54,3125.0,1.0,Moist,2,50,19
14.6,20.4,0.38,Americas,FrenchGu,frenchgu,52.12,3125.0,1.0,Moist,2,50,20
19.1,22.0,0.46,Americas,FrenchGu,frenchgu,105.65,3125.0,1.0,Moist,2,50,27
33.7,28.2,0.45,Americas,FrenchGu,frenchgu,696.82,3125.0,1.0,Moist,2,50,28
7.0,12.1,0.62,Americas,FrenchGu,frenchgu,9.01,3125.0,1.0,Moist,2,50,35
11.9,13.7,0.44,Americas,FrenchGu,frenchgu,33.93,3125.0,1.0,Moist,2,50,21
11.1,14.4,0.59,Americas,FrenchGu,frenchgu,40.09,3125.0,1.0,Moist,2,50,36
27.4,25.5,0.6,Americas,FrenchGu,frenchgu,663.99,3125.0,1.0,Moist,2,50,14
25.5,28.5,0.4,Americas,FrenchGu,frenchgu,227.77,3125.0,1.0,Moist,2,50,15
5.7,7.8,0.71,Americas,FrenchGu,frenchgu,5.77,3125.0,1.0,Moist,2,50,49
7.6,9.5,0.71,Americas,FrenchGu,frenchgu,8.33,3125.0,1.0,Moist,2,50,49
10.5,15.4,0.68,Americas,FrenchGu,frenchgu,32.27,3125.0,1.0,Moist,2,50,56
14.3,17.6,0.71,Americas,FrenchGu,frenchgu,113.89,3125.0,1.0,Moist,2,50,49
18.8,22.0,0.63,Americas,FrenchGu,frenchgu,157.33,3125.0,1.0,Moist,2,50,4
23.1,28.1,0.61,Americas,FrenchGu,frenchgu,323.11,3125.0,1.0,Moist,2,50,40
35.0,30.0,0.71,Americas,FrenchGu,frenchgu,979.84,3125.0,1.0,Moist,2,50,49
11.8,12.5,0.61,Africa,Gabon,gabon,40.72,,,,,,40
12.7,16.9,0.92,Africa,Gabon,gabon,98.49,,,,,,3
13.4,19.0,0.66,Africa,Gabon,gabon,118.11,,,,,,43
13.7,16.9,0.72,Africa,Gabon,gabon,115.97,,,,,,34
15.3,12.4,0.46,Africa,Gabon,gabon,45.98,,,,,,27
18.5,23.0,0.76,Africa,Gabon,gabon,242.87,,,,,,31
18.5,17.0,0.72,Africa,Gabon,gabon,283.39,,,,,,34
20.1,18.0,0.61,Africa,Gabon,gabon,148.44,,,,,,40
20.1,18.9,0.72,Africa,Gabon,gabon,211.11,,,,,,34
20.4,17.0,0.66,Africa,Gabon,gabon,339.56,,,,,,43
20.5,16.6,0.66,Africa,Gabon,gabon,185.66,,,,,,43
20.7,22.0,0.76,Africa,Gabon,gabon,324.25,,,,,,31
21.7,21.9,0.8,Africa,Gabon,gabon,187.06,,,,,,55
25.0,26.7,0.8,Africa,Gabon,gabon,315.75,,,,,,55
25.5,21.9,0.72,Africa,Gabon,gabon,730.11,,,,,,34
28.3,27.8,0.92,Africa,Gabon,gabon,836.09,,,,,,3
28.3,25.2,0.57,Africa,Gabon,gabon,542.35,,,,,,9
28.7,28.2,0.5,Africa,Gabon,gabon,1087.22,,,,,,13
29.9,26.8,0.61,Africa,Gabon,gabon,421.61,,,,,,40
30.2,21.5,0.57,Africa,Gabon,gabon,700.9,,,,,,9
30.6,17.2,0.46,Africa,Gabon,gabon,235.16,,,,,,27
31.8,27.0,0.66,Africa,Gabon,gabon,705.52,,,,,,43
35.0,22.0,0.66,Africa,Gabon,gabon,506.07,,,,,,43
35.8,26.2,0.61,Africa,Gabon,gabon,657.75,,,,,,40
36.0,18.1,0.46,Africa,Gabon,gabon,618.87,,,,,,27
37.2,27.7,0.92,Africa,Gabon,gabon,1434.88,,,,,,3
38.2,28.6,0.57,Africa,Gabon,gabon,1257.93,,,,,,9
38.2,40.0,0.66,Africa,Gabon,gabon,1881.63,,,,,,43
38.5,27.1,0.5,Africa,Gabon,gabon,626.57,,,,,,13
38.8,25.6,0.76,Africa,Gabon,gabon,1497.26,,,,,,31
39.7,33.2,0.5,Africa,Gabon,gabon,830.14,,,,,,13
41.4,30.5,0.72,Africa,Gabon,gabon,1483.92,,,,,,34
41.4,36.3,0.8,Africa,Gabon,gabon,2272.15,,,,,,55
43.9,25.3,0.57,Africa,Gabon,gabon,1011.08,,,,,,9
44.1,31.6,0.66,Africa,Gabon,gabon,1612.76,,,,,,43
44.6,37.4,0.92,Africa,Gabon,gabon,2610.74,,,,,,3
45.5,34.1,0.76,Africa,Gabon,gabon,2703.86,,,,,,31
45.5,20.0,0.46,Africa,Gabon,gabon,592.28,,,,,,27
46.2,30.2,0.72,Africa,Gabon,gabon,1855.99,,,,,,34
48.4,39.4,0.66,Africa,Gabon,gabon,2436.77,,,,,,43
48.7,35.3,0.76,Africa,Gabon,gabon,2406.68,,,,,,31
49.7,40.1,0.8,Africa,Gabon,gabon,3296.42,,,,,,55
49.7,29.5,0.61,Africa,Gabon,gabon,2316.54,,,,,,40
50.0,32.8,0.5,Africa,Gabon,gabon,1500.51,,,,,,13
50.1,40.1,0.92,Africa,Gabon,gabon,4342.12,,,,,,3
50.9,27.4,0.92,Africa,Gabon,gabon,1894.14,,,,,,3
50.9,20.8,0.57,Africa,Gabon,gabon,904.7,,,,,,9
51.2,33.0,0.5,Africa,Gabon,gabon,1664.22,,,,,,13
51.7,33.6,0.76,Africa,Gabon,gabon,3415.72,,,,,,31
54.1,33.8,0.66,Africa,Gabon,gabon,2689.05,,,,,,43
54.5,33.4,0.61,Africa,Gabon,gabon,2264.64,,,,,,40
55.6,26.8,0.46,Africa,Gabon,gabon,1373.76,,,,,,27
56.0,37.1,0.8,Africa,Gabon,gabon,3649.78,,,,,,55
57.0,36.0,0.76,Africa,Gabon,gabon,4129.12,,,,,,31
59.8,37.7,0.8,Africa,Gabon,gabon,3957.26,,,,,,55
60.5,43.1,0.66,Africa,Gabon,gabon,4284.4,,,,,,43
60.5,38.0,0.66,Africa,Gabon,gabon,4427.85,,,,,,43
62.2,38.2,0.5,Africa,Gabon,gabon,3054.39,,,,,,13
66.9,50.7,0.46,Africa,Gabon,gabon,3476.18,,,,,,27
68.8,31.1,0.72,Africa,Gabon,gabon,5557.52,,,,,,34
70.2,33.9,0.76,Africa,Gabon,gabon,6105.18,,,,,,31
71.0,38.8,0.76,Africa,Gabon,gabon,17072.68,,,,,,31
71.9,36.6,0.61,Africa,Gabon,gabon,3100.09,,,,,,40
71.9,35.8,0.72,Africa,Gabon,gabon,4006.01,,,,,,34
72.3,43.8,0.5,Africa,Gabon,gabon,3670.71,,,,,,13
72.9,47.4,0.8,Africa,Gabon,gabon,5650.48,,,,,,55
74.1,31.4,0.57,Africa,Gabon,gabon,4548.09,,,,,,9
75.4,33.7,0.66,Africa,Gabon,gabon,5528.51,,,,,,43
76.1,42.9,0.66,Africa,Gabon,gabon,6099.25,,,,,,43
76.4,43.0,0.46,Africa,Gabon,gabon,3406.91,,,,,,27
76.4,40.3,0.61,Africa,Gabon,gabon,5113.52,,,,,,40
77.4,41.5,0.66,Africa,Gabon,gabon,6778.92,,,,,,43
79.1,41.7,0.92,Africa,Gabon,gabon,14756.28,,,,,,3
79.5,38.5,0.76,Africa,Gabon,gabon,6925.19,,,,,,31
79.6,43.7,0.8,Africa,Gabon,gabon,4388.14,,,,,,55
79.9,31.8,0.57,Africa,Gabon,gabon,2540.93,,,,,,9
79.9,39.1,0.72,Africa,Gabon,gabon,6887.79,,,,,,34
80.1,44.9,0.61,Africa,Gabon,gabon,8440.24,,,,,,40
80.5,41.4,0.66,Africa,Gabon,gabon,7245.16,,,,,,43
80.5,44.8,0.8,Africa,Gabon,gabon,6375.64,,,,,,55
82.4,39.6,0.92,Africa,Gabon,gabon,11249.67,,,,,,3
83.4,41.0,0.46,Africa,Gabon,gabon,5705.91,,,,,,27
85.3,45.1,0.5,Africa,Gabon,gabon,5295.96,,,,,,13
85.8,42.1,0.5,Africa,Gabon,gabon,2967.47,,,,,,13
85.9,37.0,0.92,Africa,Gabon,gabon,10293.8,,,,,,3
85.9,31.3,0.57,Africa,Gabon,gabon,5152.21,,,,,,9
86.1,45.9,0.66,Africa,Gabon,gabon,11174.04,,,,,,43
88.0,40.4,0.5,Africa,Gabon,gabon,5497.54,,,,,,13
88.3,42.7,0.92,Africa,Gabon,gabon,11631.97,,,,,,3
90.4,44.8,0.46,Africa,Gabon,gabon,3614.9,,,,,,27
91.0,35.5,0.72,Africa,Gabon,gabon,10176.71,,,,,,34
91.4,30.3,0.57,Africa,Gabon,gabon,6189.17,,,,,,9
92.6,40.1,0.72,Africa,Gabon,gabon,8784.62,,,,,,34
93.8,31.3,0.57,Africa,Gabon,gabon,5130.72,,,,,,9
98.7,44.7,0.66,Africa,Gabon,gabon,14374.99,,,,,,43
98.7,42.7,0.46,Africa,Gabon,gabon,7795.79,,,,,,27
101.9,47.2,0.8,Africa,Gabon,gabon,11525.84,,,,,,55
104.2,46.0,0.66,Africa,Gabon,gabon,12225.38,,,,,,43
104.9,43.5,0.61,Africa,Gabon,gabon,6685.88,,,,,,40
107.0,39.3,0.66,Africa,Gabon,gabon,7130.94,,,,,,43
109.4,30.3,0.57,Africa,Gabon,gabon,5129.13,,,,,,9
83.6,40.0,0.67,Americas,Ghana,ghana,9200.0,,,,,,29
65.0,32.5,0.62,Americas,Ghana,ghana,2990.0,,,,,,35
20.5,21.2,0.23,Americas,Ghana,ghana,100.0,,,,,,66
29.5,22.5,0.27,Americas,Ghana,ghana,300.0,,,,,,62
35.5,12.0,0.26,Americas,Ghana,ghana,390.0,,,,,,67
132.0,45.0,0.54,Americas,Ghana,ghana,15380.0,,,,,,7
170.0,51.0,0.26,Americas,Ghana,ghana,17050.0,,,,,,67
23.6,23.4,0.56,Americas,Ghana,ghana,380.0,,,,,,5
9.0,9.3,0.42,Americas,Ghana,ghana,60.0,,,,,,25
98.0,43.7,0.65,Americas,Ghana,ghana,12070.0,,,,,,37
13.2,15.7,0.65,Americas,Ghana,ghana,170.0,,,,,,37
12.8,13.0,0.62,Americas,Ghana,ghana,90.0,,,,,,35
71.5,45.5,0.5,Americas,Ghana,ghana,5100.0,,,,,,13
6.5,8.1,0.78,Americas,Ghana,ghana,10.0,,,,,,45
7.3,5.1,0.58,Americas,Ghana,ghana,20.0,,,,,,12
12.4,12.0,0.62,Americas,Ghana,ghana,70.0,,,,,,35
31.0,22.0,0.61,Americas,Ghana,ghana,840.0,,,,,,40
32.5,27.5,0.61,Americas,Ghana,ghana,700.0,,,,,,40
48.1,35.6,0.61,Americas,Ghana,ghana,2330.0,,,,,,40
56.5,35.1,0.6,Americas,Ghana,ghana,3300.0,,,,,,14
62.0,40.4,0.6,Americas,Ghana,ghana,4150.0,,,,,,14
71.9,42.3,0.6,Americas,Ghana,ghana,5930.0,,,,,,14
83.0,39.4,0.6,Americas,Ghana,ghana,7160.0,,,,,,14
100.0,50.5,0.58,Americas,Ghana,ghana,18610.0,,,,,,12
105.0,50.5,0.58,Americas,Ghana,ghana,20770.0,,,,,,12
94.6,50.5,0.5,Americas,Ghana,ghana,8630.0,,,,,,13
110.0,58.8,0.4,Americas,Ghana,ghana,11500.0,,,,,,15
112.0,40.0,0.47,Americas,Ghana,ghana,10830.0,,,,,,42
24.3,30.2,0.69,Americas,Ghana,ghana,510.0,,,,,,32
70.0,39.7,0.58,Americas,Ghana,ghana,6320.0,,,,,,12
89.0,50.0,0.57,Americas,Ghana,ghana,8900.0,,,,,,9
90.0,50.5,0.57,Americas,Ghana,ghana,12340.0,,,,,,9
7.6,11.3,0.66,Americas,Ghana,ghana,60.0,,,,,,43
26.5,26.0,0.73,Americas,Ghana,ghana,790.0,,,,,,33
12.0,17.0,0.78,Americas,Ghana,ghana,130.0,,,,,,45
73.5,45.0,0.66,Americas,Ghana,ghana,7360.0,,,,,,43
80.5,50.7,0.66,Americas,Ghana,ghana,8130.0,,,,,,43
93.0,45.0,0.66,Americas,Ghana,ghana,11730.0,,,,,,43
180.0,61.0,0.62,Americas,Ghana,ghana,70250.0,,,,,,35
23.2,9.5,0.78,Asia,IndiaCha,indiacha,343.1,1200.0,0.0,Dry,7,350,45
23.5,10.0,0.78,Asia,IndiaCha,indiacha,446.7,1200.0,0.0,Dry,7,350,45
23.8,10.5,0.78,Asia,IndiaCha,indiacha,243.3,1200.0,0.0,Dry,7,350,45
24.2,10.5,0.78,Asia,IndiaCha,indiacha,367.5,1200.0,0.0,Dry,7,350,45
31.8,15.5,0.78,Asia,IndiaCha,indiacha,454.4,1200.0,0.0,Dry,7,350,45
10.8,8.0,0.41,Asia,IndiaCha,indiacha,31.8,1200.0,0.0,Dry,7,350,22
18.7,9.0,0.41,Asia,IndiaCha,indiacha,94.0,1200.0,0.0,Dry,7,350,22
21.6,9.5,0.41,Asia,IndiaCha,indiacha,194.6,1200.0,0.0,Dry,7,350,22
29.2,11.5,0.41,Asia,IndiaCha,indiacha,418.3,1200.0,0.0,Dry,7,350,22
29.9,12.0,0.41,Asia,IndiaCha,indiacha,228.1,1200.0,0.0,Dry,7,350,22
30.2,13.0,0.41,Asia,IndiaCha,indiacha,381.8,1200.0,0.0,Dry,7,350,22
19.4,8.5,0.71,Asia,IndiaCha,indiacha,114.9,1200.0,0.0,Dry,7,350,49
12.4,6.0,0.77,Asia,IndiaCha,indiacha,64.1,1200.0,0.0,Dry,7,350,52
14.6,7.0,0.64,Asia,IndiaCha,indiacha,51.2,1200.0,0.0,Dry,7,350,38
15.2,5.5,0.73,Asia,IndiaCha,indiacha,52.7,1200.0,0.0,Dry,7,350,33
17.1,6.0,0.73,Asia,IndiaCha,indiacha,28.0,1200.0,0.0,Dry,7,350,33
18.4,6.5,0.73,Asia,IndiaCha,indiacha,71.6,1200.0,0.0,Dry,7,350,33
23.2,11.5,0.73,Asia,IndiaCha,indiacha,205.6,1200.0,0.0,Dry,7,350,33
29.6,13.5,0.73,Asia,IndiaCha,indiacha,417.7,1200.0,0.0,Dry,7,350,33
30.2,14.5,0.73,Asia,IndiaCha,indiacha,398.5,1200.0,0.0,Dry,7,350,33
34.7,17.0,0.73,Asia,IndiaCha,indiacha,554.8,1200.0,0.0,Dry,7,350,33
17.1,8.5,0.73,Asia,IndiaCha,indiacha,81.8,1200.0,0.0,Dry,7,350,33
34.0,13.0,0.73,Asia,IndiaCha,indiacha,709.7,1200.0,0.0,Dry,7,350,33
5.0,5.2,0.84,Americas,Jalisco,jalisco,7.14,,,,,,53
19.2,11.1,0.81,Americas,Jalisco,jalisco,98.33,,,,,,57
22.5,8.3,0.81,Americas,Jalisco,jalisco,88.67,,,,,,57
13.4,12.5,0.81,Americas,Jalisco,jalisco,45.3,,,,,,57
22.3,8.5,0.81,Americas,Jalisco,jalisco,152.34,,,,,,57
21.1,8.7,0.81,Americas,Jalisco,jalisco,104.51,,,,,,57
5.7,7.1,0.79,Americas,Jalisco,jalisco,15.17,,,,,,54
11.2,8.1,0.79,Americas,Jalisco,jalisco,44.45,,,,,,54
9.5,5.0,0.79,Americas,Jalisco,jalisco,14.43,,,,,,54
22.6,6.5,0.3,Americas,Jalisco,jalisco,137.37,,,,,,60
7.1,6.4,0.78,Americas,Jalisco,jalisco,14.93,,,,,,45
5.3,5.4,0.78,Americas,Jalisco,jalisco,7.92,,,,,,45
9.2,5.4,0.78,Americas,Jalisco,jalisco,13.49,,,,,,45
22.9,10.4,0.98,Americas,Jalisco,jalisco,256.31,,,,,,68
14.5,7.9,0.98,Americas,Jalisco,jalisco,86.57,,,,,,68
6.7,6.3,0.64,Americas,Jalisco,jalisco,12.95,,,,,,38
6.2,6.6,0.64,Americas,Jalisco,jalisco,10.48,,,,,,38
5.4,5.9,0.64,Americas,Jalisco,jalisco,4.66,,,,,,38
27.5,8.6,0.64,Americas,Jalisco,jalisco,58.96,,,,,,38
7.4,5.8,0.81,Americas,Jalisco,jalisco,11.34,,,,,,57
21.7,9.5,0.64,Americas,Jalisco,jalisco,85.19,,,,,,38
21.9,9.8,0.64,Americas,Jalisco,jalisco,93.7,,,,,,38
23.9,6.5,0.64,Americas,Jalisco,jalisco,46.87,,,,,,38
28.3,9.7,0.64,Americas,Jalisco,jalisco,185.22,,,,,,38
22.4,12.2,0.64,Americas,Jalisco,jalisco,151.65,,,,,,38
31.2,10.5,0.64,Americas,Jalisco,jalisco,238.98,,,,,,38
15.9,7.2,0.64,Americas,Jalisco,jalisco,41.96,,,,,,38
35.5,11.1,0.64,Americas,Jalisco,jalisco,213.27,,,,,,38
20.7,7.8,0.64,Americas,Jalisco,jalisco,70.17,,,,,,38
18.2,7.9,0.64,Americas,Jalisco,jalisco,63.3,,,,,,38
9.6,4.9,0.64,Americas,Jalisco,jalisco,21.08,,,,,,38
19.1,8.6,0.64,Americas,Jalisco,jalisco,84.72,,,,,,38
25.2,8.6,0.64,Americas,Jalisco,jalisco,138.38,,,,,,38
19.4,8.0,0.64,Americas,Jalisco,jalisco,130.15,,,,,,38
38.3,10.0,0.64,Americas,Jalisco,jalisco,231.76,,,,,,38
19.7,9.5,0.64,Americas,Jalisco,jalisco,142.4,,,,,,38
13.8,8.9,0.64,Americas,Jalisco,jalisco,60.87,,,,,,38
44.9,10.0,0.64,Americas,Jalisco,jalisco,147.15,,,,,,38
8.9,7.5,0.64,Americas,Jalisco,jalisco,20.51,,,,,,38
15.3,10.0,0.64,Americas,Jalisco,jalisco,93.81,,,,,,38
19.1,10.6,1.2,Americas,Jalisco,jalisco,135.28,,,,,,69
8.3,5.9,0.61,Americas,Jalisco,jalisco,13.24,,,,,,40
12.0,8.6,0.79,Americas,Jalisco,jalisco,31.06,,,,,,54
5.4,6.7,0.79,Americas,Jalisco,jalisco,5.53,,,,,,54
13.8,9.8,0.79,Americas,Jalisco,jalisco,35.75,,,,,,54
17.0,3.5,0.68,Americas,Jalisco,jalisco,28.22,,,,,,56
16.0,9.7,0.76,Americas,Jalisco,jalisco,61.72,,,,,,31
11.8,10.2,0.76,Americas,Jalisco,jalisco,43.98,,,,,,31
8.9,9.2,0.76,Americas,Jalisco,jalisco,23.55,,,,,,31
8.8,6.3,0.79,Americas,Jalisco,jalisco,24.53,,,,,,54
6.7,7.1,0.71,Americas,Jalisco,jalisco,16.2,,,,,,49
14.2,8.6,0.63,Americas,Jalisco,jalisco,72.91,,,,,,4
10.2,9.3,0.8,Americas,Jalisco,jalisco,49.42,,,,,,55
7.2,8.5,0.8,Americas,Jalisco,jalisco,19.72,,,,,,55
8.0,9.4,0.85,Americas,Jalisco,jalisco,20.12,,,,,,47
8.8,8.8,0.85,Americas,Jalisco,jalisco,20.33,,,,,,47
5.7,6.3,0.85,Americas,Jalisco,jalisco,7.53,,,,,,47
19.7,9.0,0.59,Americas,Jalisco,jalisco,96.48,,,,,,36
10.0,6.9,0.59,Americas,Jalisco,jalisco,12.28,,,,,,36
16.1,8.5,0.84,Americas,Jalisco,jalisco,34.11,,,,,,53
5.7,8.3,0.84,Americas,Jalisco,jalisco,9.73,,,,,,53
5.1,6.2,0.84,Americas,Jalisco,jalisco,9.23,,,,,,53
6.4,5.9,0.84,Americas,Jalisco,jalisco,5.76,,,,,,53
16.8,9.8,0.59,Americas,Jalisco,jalisco,66.75,,,,,,36
12.7,9.9,0.59,Americas,Jalisco,jalisco,52.89,,,,,,36
7.5,6.3,0.59,Americas,Jalisco,jalisco,11.22,,,,,,36
5.4,8.9,0.64,Americas,Jalisco,jalisco,11.36,,,,,,38
5.4,7.1,0.64,Americas,Jalisco,jalisco,9.35,,,,,,38
38.0,14.6,0.49,Americas,Jalisco,jalisco,285.35,,,,,,24
5.7,5.5,0.48,Americas,Jalisco,jalisco,11.26,,,,,,26
6.7,7.4,0.34,Americas,Jalisco,jalisco,4.62,,,,,,18
17.2,9.0,0.34,Americas,Jalisco,jalisco,39.27,,,,,,18
6.1,5.6,0.22,Americas,Jalisco,jalisco,4.68,,,,,,70
5.6,4.0,0.22,Americas,Jalisco,jalisco,2.33,,,,,,70
10.8,7.4,0.22,Americas,Jalisco,jalisco,21.48,,,,,,70
8.4,3.5,0.22,Americas,Jalisco,jalisco,5.67,,,,,,70
8.0,5.0,0.22,Americas,Jalisco,jalisco,6.43,,,,,,70
5.4,4.7,0.22,Americas,Jalisco,jalisco,4.08,,,,,,70
5.6,3.6,0.22,Americas,Jalisco,jalisco,2.64,,,,,,70
23.5,4.5,0.22,Americas,Jalisco,jalisco,63.9,,,,,,70
8.3,4.8,0.22,Americas,Jalisco,jalisco,6.29,,,,,,70
8.0,8.1,0.8,Americas,Jalisco,jalisco,22.55,,,,,,55
6.7,7.5,0.8,Americas,Jalisco,jalisco,14.85,,,,,,55
31.7,10.0,0.8,Americas,Jalisco,jalisco,375.22,,,,,,55
7.6,7.4,0.8,Americas,Jalisco,jalisco,13.36,,,,,,55
10.5,9.1,0.8,Americas,Jalisco,jalisco,32.92,,,,,,55
9.2,9.7,0.8,Americas,Jalisco,jalisco,28.02,,,,,,55
6.1,7.6,0.8,Americas,Jalisco,jalisco,6.42,,,,,,55
14.1,9.6,0.81,Americas,Jalisco,jalisco,94.04,,,,,,57
19.4,13.8,0.81,Americas,Jalisco,jalisco,164.41,,,,,,57
12.6,8.7,0.81,Americas,Jalisco,jalisco,50.55,,,,,,57
9.6,8.2,0.65,Americas,Jalisco,jalisco,30.03,,,,,,37
7.3,7.5,0.65,Americas,Jalisco,jalisco,15.26,,,,,,37
7.4,7.1,0.6,Americas,Jalisco,jalisco,8.64,,,,,,14
8.9,6.8,0.6,Americas,Jalisco,jalisco,16.41,,,,,,14
5.4,5.8,0.6,Americas,Jalisco,jalisco,4.79,,,,,,14
13.0,8.0,0.6,Americas,Jalisco,jalisco,44.02,,,,,,14
9.0,9.7,0.6,Americas,Jalisco,jalisco,22.9,,,,,,14
14.1,4.5,0.56,Americas,Jalisco,jalisco,48.97,,,,,,5
8.9,9.3,0.77,Americas,Jalisco,jalisco,27.84,,,,,,52
6.4,4.7,0.27,Americas,Jalisco,jalisco,2.87,,,,,,62
12.0,6.5,0.81,Americas,Jalisco,jalisco,20.57,,,,,,57
6.8,7.1,0.81,Americas,Jalisco,jalisco,5.77,,,,,,57
21.4,10.4,0.81,Americas,Jalisco,jalisco,100.89,,,,,,57
7.5,6.9,0.59,Americas,Jalisco,jalisco,11.39,,,,,,36
12.8,8.6,0.81,Americas,Jalisco,jalisco,38.9,,,,,,57
11.7,9.0,0.81,Americas,Jalisco,jalisco,46.6,,,,,,57
10.6,8.2,0.81,Americas,Jalisco,jalisco,40.31,,,,,,57
10.2,8.9,0.81,Americas,Jalisco,jalisco,36.33,,,,,,57
12.4,5.0,0.81,Americas,Jalisco,jalisco,39.06,,,,,,57
10.4,8.0,0.81,Americas,Jalisco,jalisco,43.79,,,,,,57
7.6,6.0,0.81,Americas,Jalisco,jalisco,12.34,,,,,,57
12.7,6.0,0.81,Americas,Jalisco,jalisco,40.33,,,,,,57
9.7,4.0,0.81,Americas,Jalisco,jalisco,13.95,,,,,,57
8.7,7.7,0.81,Americas,Jalisco,jalisco,20.55,,,,,,57
7.4,7.6,0.81,Americas,Jalisco,jalisco,15.57,,,,,,57
8.3,6.0,0.81,Americas,Jalisco,jalisco,26.9,,,,,,57
7.6,4.5,0.81,Americas,Jalisco,jalisco,17.19,,,,,,57
5.7,5.5,0.69,Americas,Jalisco,jalisco,5.28,,,,,,32
7.7,4.5,0.69,Americas,Jalisco,jalisco,7.19,,,,,,32
9.5,5.5,0.69,Americas,Jalisco,jalisco,19.41,,,,,,32
6.2,4.5,0.69,Americas,Jalisco,jalisco,7.6,,,,,,32
7.8,8.0,0.57,Americas,Jalisco,jalisco,4.25,,,,,,9
9.9,6.7,0.73,Americas,Jalisco,jalisco,57.87,,,,,,33
75.2,50.5,0.37,Asia,Kaliman1,kaliman,8340.57,2200.0,1.0,Moist,2,250,64
21.7,21.1,0.62,Asia,Kaliman1,kaliman,391.22,2200.0,1.0,Moist,2,250,35
38.0,34.9,0.43,Asia,Kaliman1,kaliman,878.18,2200.0,1.0,Moist,2,250,41
77.6,48.1,0.54,Asia,Kaliman1,kaliman,5302.59,2200.0,1.0,Moist,2,250,7
21.0,22.5,0.64,Asia,Kaliman1,kaliman,380.62,2200.0,1.0,Moist,2,250,38
71.3,46.2,0.38,Asia,Kaliman1,kaliman,4640.01,2200.0,1.0,Moist,2,250,20
73.0,45.8,0.49,Asia,Kaliman1,kaliman,3534.84,2200.0,1.0,Moist,2,250,24
19.2,20.8,0.55,Asia,Kaliman1,kaliman,233.12,2200.0,1.0,Moist,2,250,6
42.0,37.2,0.48,Asia,Kaliman1,kaliman,1928.37,2200.0,1.0,Moist,2,250,26
40.0,40.4,0.6,Asia,Kaliman1,kaliman,1189.05,2200.0,1.0,Moist,2,250,14
38.0,34.4,0.44,Asia,Kaliman1,kaliman,1458.6,2200.0,1.0,Moist,2,250,21
43.6,39.2,0.56,Asia,Kaliman1,kaliman,2080.28,2200.0,1.0,Moist,2,250,5
76.5,46.0,0.66,Asia,Kaliman1,kaliman,6100.94,2200.0,1.0,Moist,2,250,43
46.2,32.6,0.36,Asia,Kaliman1,kaliman,2537.03,2200.0,1.0,Moist,2,250,23
24.8,21.6,0.72,Asia,Kaliman1,kaliman,337.9,2200.0,1.0,Moist,2,250,34
25.0,28.1,0.62,Asia,Kaliman1,kaliman,486.0,2200.0,1.0,Moist,2,250,35
20.2,22.2,0.52,Asia,Kaliman1,kaliman,259.33,2200.0,1.0,Moist,2,250,11
39.0,32.0,0.69,Asia,Kaliman1,kaliman,839.27,2200.0,1.0,Moist,2,250,32
20.9,25.1,0.44,Asia,Kaliman1,kaliman,298.67,2200.0,1.0,Moist,2,250,21
24.6,20.1,0.36,Asia,Kaliman1,kaliman,328.74,2200.0,1.0,Moist,2,250,23
38.8,33.7,0.36,Asia,Kaliman1,kaliman,1410.29,2200.0,1.0,Moist,2,250,23
23.4,20.0,0.51,Asia,Kaliman1,kaliman,325.98,2200.0,1.0,Moist,2,250,10
40.4,30.9,0.5,Asia,Kaliman1,kaliman,1094.78,2200.0,1.0,Moist,2,250,13
5.4,8.6,0.59,Asia,Kaliman2,kaliman,9.76,1862.0,1.0,Moist,1,50,36
6.0,8.9,0.59,Asia,Kaliman2,kaliman,13.85,1862.0,1.0,Moist,1,50,36
6.4,12.4,0.59,Asia,Kaliman2,kaliman,20.87,1862.0,1.0,Moist,1,50,36
5.0,10.0,0.32,Asia,Kaliman2,kaliman,7.69,1862.0,1.0,Moist,1,50,17
25.4,24.4,0.5,Asia,Kaliman2,kaliman,477.72,1862.0,1.0,Moist,1,50,13
11.4,13.7,0.34,Asia,Kaliman2,kaliman,22.18,1862.0,1.0,Moist,1,50,18
25.3,26.1,0.55,Asia,Kaliman2,kaliman,550.39,1862.0,1.0,Moist,1,50,6
8.3,12.7,0.65,Asia,Kaliman2,kaliman,34.44,1862.0,1.0,Moist,1,50,37
5.6,9.1,0.64,Asia,Kaliman2,kaliman,10.69,1862.0,1.0,Moist,1,50,38
16.3,20.0,0.34,Asia,Kaliman2,kaliman,165.77,1862.0,1.0,Moist,1,50,18
19.0,18.0,0.54,Asia,Kaliman2,kaliman,177.66,1862.0,1.0,Moist,1,50,7
25.0,27.7,0.55,Asia,Kaliman2,kaliman,485.49,1862.0,1.0,Moist,1,50,6
7.1,5.0,0.36,Asia,Kaliman2,kaliman,7.56,1862.0,1.0,Moist,1,50,23
7.7,7.2,0.49,Asia,Kaliman2,kaliman,12.18,1862.0,1.0,Moist,1,50,24
5.1,9.6,0.6,Asia,Kaliman2,kaliman,7.59,1862.0,1.0,Moist,1,50,14
13.5,20.0,0.39,Asia,Kaliman2,kaliman,138.39,1862.0,1.0,Moist,1,50,19
14.8,25.0,0.72,Asia,Kaliman2,kaliman,219.88,1862.0,1.0,Moist,1,50,34
26.3,33.5,0.58,Asia,Kaliman2,kaliman,518.87,1862.0,1.0,Moist,1,50,12
64.1,43.5,0.66,Asia,Kaliman2,kaliman,7403.34,1862.0,1.0,Moist,1,50,43
22.6,24.7,0.65,Asia,Kaliman2,kaliman,443.45,1862.0,1.0,Moist,1,50,37
15.0,16.7,0.58,Asia,Kaliman2,kaliman,114.86,1862.0,1.0,Moist,1,50,12
127.0,46.5,0.8,Asia,Kaliman2,kaliman,24233.2,1862.0,1.0,Moist,1,50,55
30.1,31.9,0.5,Asia,Kaliman2,kaliman,841.28,1862.0,1.0,Moist,1,50,13
5.0,9.7,0.73,Asia,Kaliman2,kaliman,9.32,1862.0,1.0,Moist,1,50,33
36.0,27.0,0.65,Asia,Kaliman2,kaliman,1108.22,1862.0,1.0,Moist,1,50,37
20.2,24.6,0.49,Asia,Kaliman2,kaliman,277.29,1862.0,1.0,Moist,1,50,24
6.8,11.2,0.69,Asia,Kaliman2,kaliman,23.73,1862.0,1.0,Moist,1,50,32
6.9,12.7,0.69,Asia,Kaliman2,kaliman,27.65,1862.0,1.0,Moist,1,50,32
11.9,16.3,0.79,Asia,Kaliman2,kaliman,107.04,1862.0,1.0,Moist,1,50,54
15.3,17.2,0.39,Asia,Kaliman2,kaliman,74.63,1862.0,1.0,Moist,1,50,19
46.5,37.2,0.57,Asia,Kaliman2,kaliman,2234.63,1862.0,1.0,Moist,1,50,9
48.1,38.3,0.57,Asia,Kaliman2,kaliman,2353.01,1862.0,1.0,Moist,1,50,9
53.4,40.7,0.62,Asia,Kaliman2,kaliman,3760.69,1862.0,1.0,Moist,1,50,35
64.3,42.5,0.59,Asia,Kaliman2,kaliman,4749.16,1862.0,1.0,Moist,1,50,36
20.8,23.4,0.51,Asia,Kaliman2,kaliman,192.14,1862.0,1.0,Moist,1,50,10
8.4,9.5,0.36,Asia,Kaliman2,kaliman,12.78,1862.0,1.0,Moist,1,50,23
22.9,26.8,0.36,Asia,Kaliman2,kaliman,239.67,1862.0,1.0,Moist,1,50,23
5.2,9.6,0.57,Asia,Kaliman2,kaliman,8.68,1862.0,1.0,Moist,1,50,9
5.0,9.5,0.39,Asia,Kaliman2,kaliman,5.09,1862.0,1.0,Moist,1,50,19
5.1,8.9,0.71,Asia,Kaliman2,kaliman,9.54,1862.0,1.0,Moist,1,50,49
6.2,10.3,0.72,Asia,Kaliman2,kaliman,16.12,1862.0,1.0,Moist,1,50,34
10.4,13.0,0.45,Asia,Kaliman2,kaliman,35.19,1862.0,1.0,Moist,1,50,28
7.1,13.4,0.71,Asia,Kaliman2,kaliman,20.32,1862.0,1.0,Moist,1,50,49
5.7,10.5,0.62,Asia,Kaliman2,kaliman,11.97,1862.0,1.0,Moist,1,50,35
7.5,12.7,0.62,Asia,Kaliman2,kaliman,25.86,1862.0,1.0,Moist,1,50,35
5.9,9.1,0.61,Asia,Kaliman2,kaliman,11.2,1862.0,1.0,Moist,1,50,40
12.2,17.6,0.57,Asia,Kaliman2,kaliman,77.37,1862.0,1.0,Moist,1,50,9
12.2,14.8,0.45,Asia,Kaliman2,kaliman,45.61,1862.0,1.0,Moist,1,50,28
19.0,16.2,0.54,Asia,Kaliman2,kaliman,161.88,1862.0,1.0,Moist,1,50,7
5.6,8.1,0.46,Asia,Kaliman2,kaliman,6.07,1862.0,1.0,Moist,1,50,27
9.0,10.0,0.52,Asia,Kaliman2,kaliman,34.07,1862.0,1.0,Moist,1,50,11
11.6,12.3,0.53,Asia,Kaliman2,kaliman,67.42,1862.0,1.0,Moist,1,50,8
22.1,19.3,0.55,Asia,Kaliman2,kaliman,317.03,1862.0,1.0,Moist,1,50,6
9.8,15.0,0.62,Asia,Kaliman2,kaliman,50.8,1862.0,1.0,Moist,1,50,35
5.3,10.0,0.31,Asia,Kaliman2,kaliman,5.8,1862.0,1.0,Moist,1,50,44
5.6,8.8,0.42,Asia,Kaliman2,kaliman,6.45,1862.0,1.0,Moist,1,50,25
12.2,18.6,0.52,Asia,Kaliman2,kaliman,75.32,1862.0,1.0,Moist,1,50,11
29.5,30.0,0.47,Asia,Kaliman2,kaliman,980.54,1862.0,1.0,Moist,1,50,42
5.5,10.3,0.49,Asia,Kaliman2,kaliman,9.4,1862.0,1.0,Moist,1,50,24
130.5,70.7,0.81,Asia,Kaliman2,kaliman,42823.6,1862.0,1.0,Moist,1,50,57
5.1,9.7,0.4,Asia,Kaliman2,kaliman,6.02,1862.0,1.0,Moist,1,50,15
58.6,42.1,0.34,Asia,Kaliman2,kaliman,2236.89,1862.0,1.0,Moist,1,50,18
5.8,7.7,0.64,Asia,Kaliman2,kaliman,9.08,1862.0,1.0,Moist,1,50,38
5.3,7.4,0.32,Asia,Kaliman2,kaliman,3.63,1862.0,1.0,Moist,1,50,17
25.6,28.9,0.71,Asia,Kaliman2,kaliman,626.82,1862.0,1.0,Moist,1,50,49
5.4,10.3,0.67,Asia,Kaliman2,kaliman,13.31,1862.0,1.0,Moist,1,50,29
10.5,11.6,0.56,Asia,Kaliman2,kaliman,38.84,1862.0,1.0,Moist,1,50,5
12.8,12.5,0.61,Asia,Kaliman2,kaliman,82.35,1862.0,1.0,Moist,1,50,40
13.7,15.9,0.63,Asia,Kaliman2,kaliman,117.25,1862.0,1.0,Moist,1,50,4
26.9,23.9,0.64,Asia,Kaliman4,kaliman,551.95,,,,,,38
28.7,22.9,0.64,Asia,Kaliman4,kaliman,978.62,,,,,,38
7.5,12.2,0.57,Asia,Kaliman4,kaliman,29.36,,,,,,9
7.6,16.2,0.57,Asia,Kaliman4,kaliman,38.38,,,,,,9
27.7,23.6,0.57,Asia,Kaliman4,kaliman,536.64,,,,,,9
55.5,41.2,0.41,Asia,Kaliman4,kaliman,3551.82,,,,,,22
32.7,29.5,0.62,Asia,Kaliman4,kaliman,1118.71,,,,,,35
46.9,31.1,0.71,Asia,Kaliman4,kaliman,1801.3,,,,,,49
10.5,13.0,0.58,Asia,Kaliman4,kaliman,50.01,,,,,,12
41.0,33.8,0.58,Asia,Kaliman4,kaliman,1755.29,,,,,,12
63.5,36.1,0.48,Asia,Kaliman4,kaliman,4611.33,,,,,,26
18.7,19.4,0.56,Asia,Kaliman4,kaliman,239.77,,,,,,5
25.0,25.3,0.56,Asia,Kaliman4,kaliman,541.88,,,,,,5
46.2,30.6,0.82,Asia,Kaliman4,kaliman,2929.11,,,,,,50
21.8,20.2,0.7,Asia,Kaliman4,kaliman,254.18,,,,,,39
42.1,27.9,0.71,Asia,Kaliman4,kaliman,1743.91,,,,,,49
10.7,14.0,0.73,Asia,Kaliman4,kaliman,75.42,,,,,,33
57.1,38.8,0.69,Asia,Kaliman4,kaliman,2773.13,,,,,,32
11.9,17.4,0.53,Asia,Kaliman4,kaliman,63.48,,,,,,8
24.4,23.0,0.53,Asia,Kaliman4,kaliman,424.63,,,,,,8
25.5,20.0,0.53,Asia,Kaliman4,kaliman,344.64,,,,,,8
67.7,43.5,0.72,Asia,Kaliman4,kaliman,6270.05,,,,,,34
48.5,28.5,0.67,Asia,Kaliman4,kaliman,1663.49,,,,,,29
32.2,27.7,0.52,Asia,Kaliman4,kaliman,780.83,,,,,,11
6.0,11.1,0.68,Asia,Kaliman4,kaliman,19.09,,,,,,56
22.9,21.2,0.68,Asia,Kaliman4,kaliman,376.65,,,,,,56
68.9,35.1,0.51,Asia,Kaliman4,kaliman,3546.68,,,,,,10
36.2,30.5,0.54,Asia,Kaliman4,kaliman,1131.19,,,,,,7
53.0,31.0,0.53,Asia,Kaliman4,kaliman,2583.27,,,,,,8
37.0,36.3,0.5,Asia,Kaliman4,kaliman,1368.72,,,,,,13
45.0,37.0,0.5,Asia,Kaliman4,kaliman,1785.34,,,,,,13
43.4,28.5,0.57,Asia,Kaliman4,kaliman,1411.9,,,,,,9
51.0,27.9,0.52,Asia,Kaliman4,kaliman,3107.12,,,,,,11
32.9,30.5,0.61,Asia,Kaliman4,kaliman,1101.95,,,,,,40
34.0,24.0,0.61,Asia,Kaliman4,kaliman,1342.46,,,,,,40
14.5,18.0,0.65,Asia,Kaliman4,kaliman,165.01,,,,,,37
15.2,19.8,0.65,Asia,Kaliman4,kaliman,282.06,,,,,,37
36.3,25.0,0.65,Asia,Kaliman4,kaliman,989.09,,,,,,37
11.8,17.2,0.7,Asia,Kaliman4,kaliman,100.67,,,,,,39
15.0,17.7,0.7,Asia,Kaliman4,kaliman,154.99,,,,,,39
26.7,25.9,0.46,Asia,Kaliman6,kaliman,426.86,,,,,,27
35.3,33.3,0.27,Asia,Kaliman6,kaliman,482.5,,,,,,62
36.0,39.5,0.31,Asia,Kaliman6,kaliman,600.34,,,,,,44
36.9,22.4,0.37,Asia,Kaliman6,kaliman,588.63,,,,,,64
41.1,33.6,0.47,Asia,Kaliman6,kaliman,1199.52,,,,,,42
41.4,31.7,0.33,Asia,Kaliman6,kaliman,841.37,,,,,,58
43.3,39.4,0.34,Asia,Kaliman6,kaliman,1311.07,,,,,,18
43.9,42.4,0.53,Asia,Kaliman6,kaliman,1660.94,,,,,,8
48.4,38.7,0.35,Asia,Kaliman6,kaliman,1364.08,,,,,,61
49.7,38.5,0.52,Asia,Kaliman6,kaliman,2017.15,,,,,,11
50.9,41.0,0.49,Asia,Kaliman6,kaliman,2525.83,,,,,,24
53.2,37.9,0.6,Asia,Kaliman6,kaliman,1842.42,,,,,,14
58.9,38.5,0.54,Asia,Kaliman6,kaliman,3360.43,,,,,,7
61.1,43.6,0.48,Asia,Kaliman6,kaliman,3482.77,,,,,,26
62.1,44.3,0.5,Asia,Kaliman6,kaliman,5005.98,,,,,,13
63.0,48.5,0.63,Asia,Kaliman6,kaliman,5389.28,,,,,,4
63.0,44.5,0.74,Asia,Kaliman6,kaliman,6905.36,,,,,,30
63.7,34.1,0.5,Asia,Kaliman6,kaliman,3657.71,,,,,,13
64.6,47.1,0.66,Asia,Kaliman6,kaliman,5244.7,,,,,,43
69.1,50.4,0.59,Asia,Kaliman6,kaliman,6244.81,,,,,,36
69.1,49.4,0.51,Asia,Kaliman6,kaliman,6649.93,,,,,,10
73.8,50.9,0.51,Asia,Kaliman6,kaliman,7145.79,,,,,,10
75.1,46.3,0.52,Asia,Kaliman6,kaliman,5426.59,,,,,,11
82.8,48.8,0.45,Asia,Kaliman6,kaliman,4979.74,,,,,,28
84.4,52.0,0.47,Asia,Kaliman6,kaliman,8987.92,,,,,,42
8.3,12.1,0.7,Asia,Karnataka,karnataka,67.29,,,,,,39
8.7,9.0,0.77,Asia,Karnataka,karnataka,77.37,,,,,,52
9.0,6.6,0.76,Asia,Karnataka,karnataka,48.93,,,,,,31
9.3,14.4,0.76,Asia,Karnataka,karnataka,56.13,,,,,,31
9.6,11.6,0.7,Asia,Karnataka,karnataka,95.01,,,,,,39
9.6,14.6,0.78,Asia,Karnataka,karnataka,94.65,,,,,,45
10.0,14.0,0.7,Asia,Karnataka,karnataka,127.69,,,,,,39
10.1,13.4,0.78,Asia,Karnataka,karnataka,90.17,,,,,,45
10.4,13.0,0.7,Asia,Karnataka,karnataka,125.94,,,,,,39
11.0,11.6,0.76,Asia,Karnataka,karnataka,63.91,,,,,,31
11.0,14.6,0.78,Asia,Karnataka,karnataka,119.08,,,,,,45
11.1,9.4,0.77,Asia,Karnataka,karnataka,98.31,,,,,,52
11.2,14.2,0.78,Asia,Karnataka,karnataka,150.4,,,,,,45
11.5,14.7,0.78,Asia,Karnataka,karnataka,132.11,,,,,,45
12.2,13.8,0.7,Asia,Karnataka,karnataka,164.05,,,,,,39
12.4,12.0,0.85,Asia,Karnataka,karnataka,125.43,,,,,,47
12.4,11.8,0.78,Asia,Karnataka,karnataka,111.38,,,,,,45
12.4,16.4,0.78,Asia,Karnataka,karnataka,139.12,,,,,,45
12.6,15.0,0.77,Asia,Karnataka,karnataka,154.14,,,,,,52
13.1,11.6,0.77,Asia,Karnataka,karnataka,139.26,,,,,,52
13.2,18.5,0.49,Asia,Karnataka,karnataka,137.32,,,,,,24
13.2,13.6,0.77,Asia,Karnataka,karnataka,109.29,,,,,,52
13.3,15.9,0.77,Asia,Karnataka,karnataka,152.11,,,,,,52
13.3,18.7,0.77,Asia,Karnataka,karnataka,208.13,,,,,,52
13.4,10.2,0.77,Asia,Karnataka,karnataka,130.49,,,,,,52
13.4,15.8,0.77,Asia,Karnataka,karnataka,215.57,,,,,,52
13.4,11.9,0.78,Asia,Karnataka,karnataka,155.63,,,,,,45
13.5,16.2,0.49,Asia,Karnataka,karnataka,93.82,,,,,,24
13.5,15.4,0.76,Asia,Karnataka,karnataka,160.47,,,,,,31
13.6,17.9,0.76,Asia,Karnataka,karnataka,146.21,,,,,,31
13.6,11.9,0.77,Asia,Karnataka,karnataka,199.29,,,,,,52
13.8,14.6,0.7,Asia,Karnataka,karnataka,212.18,,,,,,39
13.8,13.1,0.76,Asia,Karnataka,karnataka,174.66,,,,,,31
13.8,12.0,0.77,Asia,Karnataka,karnataka,195.05,,,,,,52
14.0,14.8,0.7,Asia,Karnataka,karnataka,223.97,,,,,,39
14.1,16.4,0.76,Asia,Karnataka,karnataka,155.56,,,,,,31
14.1,13.6,0.78,Asia,Karnataka,karnataka,206.61,,,,,,45
14.3,9.8,0.76,Asia,Karnataka,karnataka,174.74,,,,,,31
14.5,18.6,0.7,Asia,Karnataka,karnataka,279.97,,,,,,39
14.8,13.1,0.77,Asia,Karnataka,karnataka,173.83,,,,,,52
14.9,15.3,0.76,Asia,Karnataka,karnataka,167.39,,,,,,31
14.9,8.0,0.77,Asia,Karnataka,karnataka,152.65,,,,,,52
14.9,15.3,0.77,Asia,Karnataka,karnataka,182.0,,,,,,52
15.0,15.1,0.7,Asia,Karnataka,karnataka,311.03,,,,,,39
15.0,8.8,0.76,Asia,Karnataka,karnataka,113.94,,,,,,31
15.5,20.7,0.49,Asia,Karnataka,karnataka,186.95,,,,,,24
15.7,14.7,0.77,Asia,Karnataka,karnataka,259.84,,,,,,52
15.8,16.9,0.7,Asia,Karnataka,karnataka,254.86,,,,,,39
16.0,19.6,0.7,Asia,Karnataka,karnataka,318.48,,,,,,39
16.2,16.4,0.77,Asia,Karnataka,karnataka,280.1,,,,,,52
16.5,14.9,0.77,Asia,Karnataka,karnataka,290.58,,,,,,52
16.8,16.9,0.7,Asia,Karnataka,karnataka,346.39,,,,,,39
16.8,17.5,0.76,Asia,Karnataka,karnataka,319.22,,,,,,31
16.8,12.1,0.78,Asia,Karnataka,karnataka,177.65,,,,,,45
16.9,17.0,0.75,Asia,Karnataka,karnataka,346.32,,,,,,59
17.2,18.9,0.76,Asia,Karnataka,karnataka,240.92,,,,,,31
17.5,14.8,0.78,Asia,Karnataka,karnataka,220.86,,,,,,45
17.6,19.5,0.75,Asia,Karnataka,karnataka,391.44,,,,,,59
17.9,16.5,0.98,Asia,Karnataka,karnataka,306.91,,,,,,68
18.0,16.8,0.7,Asia,Karnataka,karnataka,326.84,,,,,,39
18.1,15.0,0.98,Asia,Karnataka,karnataka,307.89,,,,,,68
18.3,15.5,0.53,Asia,Karnataka,karnataka,272.78,,,,,,8
18.4,19.8,0.78,Asia,Karnataka,karnataka,293.66,,,,,,45
18.6,20.0,0.7,Asia,Karnataka,karnataka,204.65,,,,,,39
18.6,18.4,0.78,Asia,Karnataka,karnataka,339.24,,,,,,45
19.0,13.0,0.76,Asia,Karnataka,karnataka,236.31,,,,,,31
19.2,18.7,0.76,Asia,Karnataka,karnataka,305.91,,,,,,31
19.4,15.2,0.78,Asia,Karnataka,karnataka,334.74,,,,,,45
19.7,19.0,0.75,Asia,Karnataka,karnataka,398.91,,,,,,59
19.8,19.0,0.75,Asia,Karnataka,karnataka,351.15,,,,,,59
20.0,15.5,0.85,Asia,Karnataka,karnataka,333.69,,,,,,47
20.2,22.7,0.49,Asia,Karnataka,karnataka,356.97,,,,,,24
20.4,19.9,0.7,Asia,Karnataka,karnataka,495.05,,,,,,39
20.4,17.9,0.76,Asia,Karnataka,karnataka,499.18,,,,,,31
20.4,17.9,0.78,Asia,Karnataka,karnataka,364.23,,,,,,45
20.7,17.0,0.7,Asia,Karnataka,karnataka,457.77,,,,,,39
20.7,18.0,0.86,Asia,Karnataka,karnataka,408.0,,,,,,71
20.7,19.8,0.76,Asia,Karnataka,karnataka,388.91,,,,,,31
20.7,21.9,0.76,Asia,Karnataka,karnataka,454.88,,,,,,31
20.9,18.0,0.86,Asia,Karnataka,karnataka,416.1,,,,,,71
21.1,19.0,0.7,Asia,Karnataka,karnataka,507.51,,,,,,39
21.1,19.6,0.78,Asia,Karnataka,karnataka,433.07,,,,,,45
21.4,20.4,0.7,Asia,Karnataka,karnataka,603.46,,,,,,39
21.5,21.8,0.75,Asia,Karnataka,karnataka,573.42,,,,,,59
21.5,24.6,0.86,Asia,Karnataka,karnataka,489.78,,,,,,71
21.6,15.1,0.77,Asia,Karnataka,karnataka,380.04,,,,,,52
21.7,23.0,0.49,Asia,Karnataka,karnataka,374.04,,,,,,24
21.8,22.0,0.89,Asia,Karnataka,karnataka,640.47,,,,,,72
22.1,18.5,0.53,Asia,Karnataka,karnataka,462.35,,,,,,8
22.6,20.6,0.78,Asia,Karnataka,karnataka,600.67,,,,,,45
22.9,19.2,0.76,Asia,Karnataka,karnataka,466.17,,,,,,31
23.4,20.5,0.86,Asia,Karnataka,karnataka,653.2,,,,,,71
23.4,21.4,0.78,Asia,Karnataka,karnataka,630.97,,,,,,45
23.6,21.0,0.75,Asia,Karnataka,karnataka,670.98,,,,,,59
23.6,16.5,0.89,Asia,Karnataka,karnataka,755.92,,,,,,72
23.8,24.5,0.53,Asia,Karnataka,karnataka,414.76,,,,,,8
23.9,19.8,0.85,Asia,Karnataka,karnataka,550.4,,,,,,47
24.0,18.9,0.76,Asia,Karnataka,karnataka,529.37,,,,,,31
24.0,20.5,0.89,Asia,Karnataka,karnataka,753.15,,,,,,72
24.5,22.0,0.89,Asia,Karnataka,karnataka,880.94,,,,,,72
24.6,17.5,0.85,Asia,Karnataka,karnataka,806.66,,,,,,47
24.7,27.0,0.86,Asia,Karnataka,karnataka,782.61,,,,,,71
24.7,23.5,0.53,Asia,Karnataka,karnataka,335.52,,,,,,8
24.7,20.5,0.98,Asia,Karnataka,karnataka,683.19,,,,,,68
25.3,17.0,0.89,Asia,Karnataka,karnataka,806.47,,,,,,72
25.3,18.0,0.89,Asia,Karnataka,karnataka,843.23,,,,,,72
25.3,20.5,0.89,Asia,Karnataka,karnataka,1021.63,,,,,,72
25.4,19.0,0.53,Asia,Karnataka,karnataka,446.69,,,,,,8
25.5,23.4,0.75,Asia,Karnataka,karnataka,1299.78,,,,,,59
25.5,19.4,0.77,Asia,Karnataka,karnataka,623.16,,,,,,52
25.7,21.5,0.98,Asia,Karnataka,karnataka,768.27,,,,,,68
25.9,21.0,0.98,Asia,Karnataka,karnataka,724.19,,,,,,68
26.0,15.5,0.75,Asia,Karnataka,karnataka,636.6,,,,,,59
26.0,21.5,0.89,Asia,Karnataka,karnataka,1150.24,,,,,,72
26.1,22.0,0.86,Asia,Karnataka,karnataka,708.8,,,,,,71
26.1,23.0,0.86,Asia,Karnataka,karnataka,911.95,,,,,,71
26.3,19.5,0.89,Asia,Karnataka,karnataka,621.95,,,,,,72
26.5,19.4,0.7,Asia,Karnataka,karnataka,750.05,,,,,,39
26.9,18.5,0.75,Asia,Karnataka,karnataka,574.3,,,,,,59
26.9,23.5,0.53,Asia,Karnataka,karnataka,737.1,,,,,,8
27.2,17.5,0.85,Asia,Karnataka,karnataka,463.26,,,,,,47
27.2,22.5,0.86,Asia,Karnataka,karnataka,1115.91,,,,,,71
27.3,8.9,0.76,Asia,Karnataka,karnataka,589.8,,,,,,31
27.4,17.7,0.77,Asia,Karnataka,karnataka,818.23,,,,,,52
27.6,26.5,0.86,Asia,Karnataka,karnataka,958.09,,,,,,71
27.7,23.0,0.75,Asia,Karnataka,karnataka,781.37,,,,,,59
27.7,26.8,0.75,Asia,Karnataka,karnataka,895.61,,,,,,59
28.1,19.0,0.98,Asia,Karnataka,karnataka,979.13,,,,,,68
28.2,18.5,0.75,Asia,Karnataka,karnataka,722.71,,,,,,59
28.3,22.8,0.78,Asia,Karnataka,karnataka,949.82,,,,,,45
28.4,20.4,0.7,Asia,Karnataka,karnataka,951.82,,,,,,39
28.5,22.0,0.89,Asia,Karnataka,karnataka,1673.27,,,,,,72
28.7,18.5,0.98,Asia,Karnataka,karnataka,750.23,,,,,,68
28.8,24.5,0.53,Asia,Karnataka,karnataka,689.92,,,,,,8
28.9,22.5,0.86,Asia,Karnataka,karnataka,721.92,,,,,,71
29.0,23.5,0.98,Asia,Karnataka,karnataka,1067.39,,,,,,68
29.2,22.5,0.49,Asia,Karnataka,karnataka,787.57,,,,,,24
29.8,20.5,0.85,Asia,Karnataka,karnataka,842.3,,,,,,47
30.3,23.5,0.49,Asia,Karnataka,karnataka,611.74,,,,,,24
30.5,22.5,0.89,Asia,Karnataka,karnataka,1395.72,,,,,,72
30.6,20.9,0.78,Asia,Karnataka,karnataka,770.89,,,,,,45
30.7,26.5,0.53,Asia,Karnataka,karnataka,763.79,,,,,,8
31.1,28.1,0.49,Asia,Karnataka,karnataka,696.19,,,,,,24
31.2,21.5,0.89,Asia,Karnataka,karnataka,1142.69,,,,,,72
31.3,15.5,0.85,Asia,Karnataka,karnataka,897.48,,,,,,47
31.8,28.7,0.49,Asia,Karnataka,karnataka,862.46,,,,,,24
32.2,20.5,0.85,Asia,Karnataka,karnataka,870.02,,,,,,47
32.5,23.0,0.89,Asia,Karnataka,karnataka,1545.07,,,,,,72
32.8,24.5,0.53,Asia,Karnataka,karnataka,622.15,,,,,,8
32.9,19.0,0.89,Asia,Karnataka,karnataka,1193.87,,,,,,72
33.1,22.0,0.98,Asia,Karnataka,karnataka,1185.33,,,,,,68
33.9,18.0,0.85,Asia,Karnataka,karnataka,1027.57,,,,,,47
34.0,23.0,0.75,Asia,Karnataka,karnataka,1659.4,,,,,,59
34.2,27.9,0.49,Asia,Karnataka,karnataka,795.51,,,,,,24
34.8,24.0,0.53,Asia,Karnataka,karnataka,1289.44,,,,,,8
34.9,23.5,0.49,Asia,Karnataka,karnataka,1072.21,,,,,,24
35.4,19.0,0.89,Asia,Karnataka,karnataka,1410.63,,,,,,72
36.0,25.0,0.53,Asia,Karnataka,karnataka,993.72,,,,,,8
36.0,21.5,0.89,Asia,Karnataka,karnataka,1783.17,,,,,,72
36.5,25.5,0.53,Asia,Karnataka,karnataka,1403.7,,,,,,8
36.9,21.5,0.89,Asia,Karnataka,karnataka,1674.89,,,,,,72
37.1,22.0,0.98,Asia,Karnataka,karnataka,1784.21,,,,,,68
37.4,24.5,0.49,Asia,Karnataka,karnataka,1098.13,,,,,,24
37.6,24.5,0.49,Asia,Karnataka,karnataka,1468.2,,,,,,24
38.7,26.0,0.75,Asia,Karnataka,karnataka,1927.74,,,,,,59
39.2,22.0,0.53,Asia,Karnataka,karnataka,615.48,,,,,,8
39.7,28.0,0.53,Asia,Karnataka,karnataka,1214.04,,,,,,8
40.2,22.8,0.75,Asia,Karnataka,karnataka,1780.09,,,,,,59
40.2,25.0,0.53,Asia,Karnataka,karnataka,1871.54,,,,,,8
40.3,27.5,0.53,Asia,Karnataka,karnataka,1515.9,,,,,,8
40.6,24.0,0.75,Asia,Karnataka,karnataka,2277.79,,,,,,59
40.7,24.5,0.49,Asia,Karnataka,karnataka,1123.32,,,,,,24
40.8,21.6,0.75,Asia,Karnataka,karnataka,1878.09,,,,,,59
41.3,28.0,0.89,Asia,Karnataka,karnataka,1792.92,,,,,,72
41.4,20.3,0.89,Asia,Karnataka,karnataka,2133.09,,,,,,72
41.9,24.0,0.49,Asia,Karnataka,karnataka,1404.78,,,,,,24
42.0,26.5,0.49,Asia,Karnataka,karnataka,1144.17,,,,,,24
43.3,24.0,0.75,Asia,Karnataka,karnataka,2341.2,,,,,,59
44.2,26.5,0.53,Asia,Karnataka,karnataka,1551.65,,,,,,8
44.3,23.5,0.53,Asia,Karnataka,karnataka,1696.93,,,,,,8
46.2,16.5,0.85,Asia,Karnataka,karnataka,1771.33,,,,,,47
47.2,21.5,0.53,Asia,Karnataka,karnataka,1578.23,,,,,,8
47.4,23.5,0.49,Asia,Karnataka,karnataka,1733.79,,,,,,24
47.8,24.1,0.89,Asia,Karnataka,karnataka,3412.33,,,,,,72
48.4,24.5,0.53,Asia,Karnataka,karnataka,1902.54,,,,,,8
48.9,22.5,0.75,Asia,Karnataka,karnataka,2306.65,,,,,,59
49.8,22.5,0.49,Asia,Karnataka,karnataka,1524.84,,,,,,24
54.1,22.0,0.49,Asia,Karnataka,karnataka,2121.75,,,,,,24
60.9,27.9,0.49,Asia,Karnataka,karnataka,1191.71,,,,,,24
15.5,10.0,0.67,Americas,Llanosec,llanosec,69.21,1800.0,0.0,Moist,4,100,29
7.5,7.8,0.3,Americas,Llanosec,llanosec,5.66,1800.0,0.0,Moist,4,100,60
10.4,11.5,0.3,Americas,Llanosec,llanosec,12.26,1800.0,0.0,Moist,4,100,60
12.9,14.0,0.3,Americas,Llanosec,llanosec,20.42,1800.0,0.0,Moist,4,100,60
14.6,13.0,0.3,Americas,Llanosec,llanosec,30.97,1800.0,0.0,Moist,4,100,60
14.6,11.5,0.3,Americas,Llanosec,llanosec,33.98,1800.0,0.0,Moist,4,100,60
15.7,13.5,0.3,Americas,Llanosec,llanosec,26.41,1800.0,0.0,Moist,4,100,60
16.7,14.5,0.3,Americas,Llanosec,llanosec,40.15,1800.0,0.0,Moist,4,100,60
20.6,15.5,0.3,Americas,Llanosec,llanosec,54.62,1800.0,0.0,Moist,4,100,60
6.7,8.0,0.23,Americas,Llanosec,llanosec,4.06,1800.0,0.0,Moist,4,100,66
7.1,9.5,0.23,Americas,Llanosec,llanosec,4.23,1800.0,0.0,Moist,4,100,66
9.2,8.0,0.23,Americas,Llanosec,llanosec,8.32,1800.0,0.0,Moist,4,100,66
6.5,7.0,0.41,Americas,Llanosec,llanosec,8.11,1800.0,0.0,Moist,4,100,22
10.7,14.0,0.5,Americas,Llanosec,llanosec,41.43,1800.0,0.0,Moist,4,100,13
12.4,16.0,0.16,Americas,Llanosec,llanosec,24.26,1800.0,0.0,Moist,4,100,73
18.7,19.5,0.16,Americas,Llanosec,llanosec,60.09,1800.0,0.0,Moist,4,100,73
18.8,15.5,0.16,Americas,Llanosec,llanosec,56.24,1800.0,0.0,Moist,4,100,73
19.5,18.5,0.16,Americas,Llanosec,llanosec,68.55,1800.0,0.0,Moist,4,100,73
20.3,16.5,0.16,Americas,Llanosec,llanosec,89.6,1800.0,0.0,Moist,4,100,73
22.0,15.0,0.16,Americas,Llanosec,llanosec,87.29,1800.0,0.0,Moist,4,100,73
22.6,17.5,0.16,Americas,Llanosec,llanosec,138.12,1800.0,0.0,Moist,4,100,73
23.3,17.0,0.16,Americas,Llanosec,llanosec,110.24,1800.0,0.0,Moist,4,100,73
9.2,10.5,0.59,Americas,Llanosec,llanosec,23.65,1800.0,0.0,Moist,4,100,36
15.6,10.0,0.17,Americas,Llanosec,llanosec,21.98,1800.0,0.0,Moist,4,100,74
42.2,27.0,0.87,Americas,Llanosol,llanosol,1887.94,1800.0,1.0,Moist,4,100,51
43.6,29.0,0.38,Americas,Llanosol,llanosol,768.41,1800.0,1.0,Moist,4,100,20
91.0,34.0,0.38,Americas,Llanosol,llanosol,6873.4,1800.0,1.0,Moist,4,100,20
92.5,34.0,0.38,Americas,Llanosol,llanosol,12624.46,1800.0,1.0,Moist,4,100,20
142.0,42.0,0.38,Americas,Llanosol,llanosol,23496.63,1800.0,1.0,Moist,4,100,20
153.0,37.0,0.38,Americas,Llanosol,llanosol,31214.49,1800.0,1.0,Moist,4,100,20
156.0,48.0,0.38,Americas,Llanosol,llanosol,30564.36,1800.0,1.0,Moist,4,100,20
12.5,8.5,0.67,Americas,Llanosol,llanosol,42.34,1800.0,1.0,Moist,4,100,29
15.7,13.0,0.67,Americas,Llanosol,llanosol,190.48,1800.0,1.0,Moist,4,100,29
23.7,22.0,0.67,Americas,Llanosol,llanosol,266.21,1800.0,1.0,Moist,4,100,29
30.5,19.0,0.67,Americas,Llanosol,llanosol,716.23,1800.0,1.0,Moist,4,100,29
48.0,20.0,0.67,Americas,Llanosol,llanosol,3351.58,1800.0,1.0,Moist,4,100,29
49.0,40.0,0.67,Americas,Llanosol,llanosol,3423.42,1800.0,1.0,Moist,4,100,29
26.6,22.0,0.5,Americas,Llanosol,llanosol,491.42,1800.0,1.0,Moist,4,100,13
18.0,14.0,0.74,Americas,Llanosol,llanosol,119.64,1800.0,1.0,Moist,4,100,30
36.8,19.0,0.74,Americas,Llanosol,llanosol,636.15,1800.0,1.0,Moist,4,100,30
10.5,13.0,0.54,Americas,Llanosol,llanosol,44.55,1800.0,1.0,Moist,4,100,7
25.4,20.0,0.54,Americas,Llanosol,llanosol,390.09,1800.0,1.0,Moist,4,100,7
38.0,32.0,0.54,Americas,Llanosol,llanosol,1163.77,1800.0,1.0,Moist,4,100,7
12.0,7.5,0.36,Americas,Llanosol,llanosol,18.77,1800.0,1.0,Moist,4,100,23
15.2,12.0,0.36,Americas,Llanosol,llanosol,34.67,1800.0,1.0,Moist,4,100,23
16.5,18.0,0.36,Americas,Llanosol,llanosol,89.05,1800.0,1.0,Moist,4,100,23
28.8,20.0,0.36,Americas,Llanosol,llanosol,355.67,1800.0,1.0,Moist,4,100,23
35.7,27.0,0.36,Americas,Llanosol,llanosol,829.81,1800.0,1.0,Moist,4,100,23
15.8,6.5,0.52,Americas,Llanosol,llanosol,37.66,1800.0,1.0,Moist,4,100,11
22.5,15.0,0.52,Americas,Llanosol,llanosol,172.13,1800.0,1.0,Moist,4,100,11
11.8,11.0,0.76,Americas,Llanosol,llanosol,83.11,1800.0,1.0,Moist,4,100,31
12.6,11.3,0.81,Africa,Madagascar1,madagascar,94.5,,,,,,57
14.5,10.5,0.85,Africa,Madagascar1,madagascar,124.67,,,,,,47
15.2,11.4,0.78,Africa,Madagascar1,madagascar,93.22,,,,,,45
31.0,13.3,0.73,Africa,Madagascar1,madagascar,717.72,,,,,,33
32.1,17.1,0.83,Africa,Madagascar1,madagascar,930.49,,,,,,1
34.2,16.3,0.79,Africa,Madagascar1,madagascar,1157.51,,,,,,54
41.3,16.8,0.83,Africa,Madagascar1,madagascar,1780.8,,,,,,1
42.2,17.8,0.79,Africa,Madagascar1,madagascar,2138.84,,,,,,54
44.0,18.1,0.76,Africa,Madagascar1,madagascar,2025.48,,,,,,31
15.5,11.0,0.63,Africa,Madagascar1,madagascar,65.9,,,,,,4
21.0,13.9,0.66,Africa,Madagascar1,madagascar,65.73,,,,,,43
22.0,10.2,0.57,Africa,Madagascar1,madagascar,63.77,,,,,,9
26.0,12.7,0.58,Africa,Madagascar1,madagascar,194.46,,,,,,12
29.8,12.9,0.64,Africa,Madagascar1,madagascar,335.94,,,,,,38
34.7,17.5,0.61,Africa,Madagascar1,madagascar,447.99,,,,,,40
13.3,12.9,0.57,Africa,Madagascar1,madagascar,87.59,,,,,,9
14.9,12.2,0.6,Africa,Madagascar1,madagascar,75.65,,,,,,14
19.2,13.6,0.59,Africa,Madagascar1,madagascar,99.34,,,,,,36
20.5,12.0,0.62,Africa,Madagascar1,madagascar,216.19,,,,,,35
29.0,19.2,0.53,Africa,Madagascar1,madagascar,371.6,,,,,,8
33.6,22.3,0.55,Africa,Madagascar1,madagascar,680.98,,,,,,6
34.3,18.9,0.54,Africa,Madagascar1,madagascar,372.42,,,,,,7
47.0,28.0,0.55,Africa,Madagascar1,madagascar,1487.67,,,,,,6
50.6,28.1,0.57,Africa,Madagascar1,madagascar,1777.74,,,,,,9
52.0,26.8,0.6,Africa,Madagascar1,madagascar,2009.74,,,,,,14
16.2,15.5,0.76,Africa,Madagascar1,madagascar,166.65,,,,,,31
37.7,26.0,0.77,Africa,Madagascar1,madagascar,1065.63,,,,,,52
17.3,14.1,0.72,Africa,Madagascar1,madagascar,92.9,,,,,,34
31.0,15.4,0.66,Africa,Madagascar1,madagascar,444.55,,,,,,43
31.3,20.5,0.63,Africa,Madagascar1,madagascar,472.8,,,,,,4
31.6,19.9,0.67,Africa,Madagascar1,madagascar,610.45,,,,,,29
46.0,30.4,0.61,Africa,Madagascar1,madagascar,1323.57,,,,,,40
16.0,10.2,0.53,Africa,Madagascar1,madagascar,75.94,,,,,,8
17.3,16.3,0.35,Africa,Madagascar1,madagascar,103.02,,,,,,61
44.1,14.2,0.39,Africa,Madagascar1,madagascar,754.91,,,,,,19
46.5,29.9,0.38,Africa,Madagascar1,madagascar,827.25,,,,,,20
11.0,11.6,0.56,Africa,Madagascar1,madagascar,52.43,,,,,,5
11.9,14.2,0.51,Africa,Madagascar1,madagascar,55.94,,,,,,10
16.7,14.8,0.53,Africa,Madagascar1,madagascar,129.81,,,,,,8
31.4,16.8,0.49,Africa,Madagascar1,madagascar,417.31,,,,,,24
32.9,16.7,0.6,Africa,Madagascar1,madagascar,550.5,,,,,,14
34.0,17.0,0.58,Africa,Madagascar1,madagascar,653.9,,,,,,12
44.2,27.4,0.52,Africa,Madagascar1,madagascar,1254.37,,,,,,11
44.5,21.6,0.52,Africa,Madagascar1,madagascar,1017.34,,,,,,11
48.7,26.4,0.5,Africa,Madagascar1,madagascar,1083.56,,,,,,13
46.4,25.1,0.53,Africa,Madagascar1,madagascar,1290.11,,,,,,8
45.5,18.6,0.78,Africa,Madagascar1,madagascar,1628.27,,,,,,45
15.0,11.3,0.54,Africa,Madagascar1,madagascar,51.11,,,,,,7
31.3,28.2,0.55,Africa,Madagascar1,madagascar,545.89,,,,,,6
15.7,13.6,0.54,Africa,Madagascar1,madagascar,92.3,,,,,,7
30.4,25.8,0.58,Africa,Madagascar1,madagascar,871.46,,,,,,12
45.3,27.4,0.65,Africa,Madagascar1,madagascar,1696.65,,,,,,37
14.4,14.5,0.76,Africa,Madagascar1,madagascar,122.25,,,,,,31
14.4,14.6,0.77,Africa,Madagascar1,madagascar,159.64,,,,,,52
15.4,18.0,0.8,Africa,Madagascar1,madagascar,174.44,,,,,,55
34.0,26.7,0.77,Africa,Madagascar1,madagascar,1244.57,,,,,,52
34.0,18.6,0.67,Africa,Madagascar1,madagascar,1342.08,,,,,,29
35.4,20.8,0.76,Africa,Madagascar1,madagascar,857.64,,,,,,31
44.0,30.2,0.8,Africa,Madagascar1,madagascar,2264.37,,,,,,55
45.6,31.7,0.81,Africa,Madagascar1,madagascar,2321.47,,,,,,57
54.0,32.4,0.77,Africa,Madagascar1,madagascar,3711.08,,,,,,52
10.2,9.6,0.8,Africa,Madagascar1,madagascar,43.51,,,,,,55
10.9,14.0,0.83,Africa,Madagascar1,madagascar,59.71,,,,,,1
14.5,16.9,0.8,Africa,Madagascar1,madagascar,141.15,,,,,,55
27.5,25.6,0.79,Africa,Madagascar1,madagascar,519.6,,,,,,54
32.1,20.9,0.71,Africa,Madagascar1,madagascar,636.66,,,,,,49
12.4,11.2,0.52,Africa,Madagascar1,madagascar,46.52,,,,,,11
16.6,14.1,0.46,Africa,Madagascar1,madagascar,58.93,,,,,,27
19.7,12.6,0.54,Africa,Madagascar1,madagascar,135.21,,,,,,7
23.2,10.5,0.53,Africa,Madagascar1,madagascar,112.95,,,,,,8
30.1,20.0,0.59,Africa,Madagascar1,madagascar,368.3,,,,,,36
26.0,20.1,0.75,Africa,Madagascar1,madagascar,622.66,,,,,,59
15.1,12.5,0.56,Africa,Madagascar1,madagascar,95.12,,,,,,5
15.8,17.8,0.58,Africa,Madagascar1,madagascar,103.93,,,,,,12
27.0,13.2,0.68,Africa,Madagascar1,madagascar,307.42,,,,,,56
28.3,15.1,0.65,Africa,Madagascar1,madagascar,568.34,,,,,,37
8.6,11.0,0.66,Africa,Madagascar2,madagascar,19.6,,,,,,43
8.6,10.2,0.61,Africa,Madagascar2,madagascar,18.61,,,,,,40
9.6,11.0,0.66,Africa,Madagascar2,madagascar,28.62,,,,,,43
16.9,13.0,0.68,Africa,Madagascar2,madagascar,114.36,,,,,,56
19.1,12.0,0.67,Africa,Madagascar2,madagascar,207.14,,,,,,29
19.1,10.5,0.67,Africa,Madagascar2,madagascar,186.25,,,,,,29
28.7,12.0,0.68,Africa,Madagascar2,madagascar,456.11,,,,,,56
28.7,11.0,0.68,Africa,Madagascar2,madagascar,582.09,,,,,,56
29.9,11.0,0.68,Africa,Madagascar2,madagascar,546.06,,,,,,56
6.4,7.8,0.8,Africa,Madagascar2,madagascar,15.7,,,,,,55
7.0,7.2,0.79,Africa,Madagascar2,madagascar,22.44,,,,,,54
9.6,12.0,0.76,Africa,Madagascar2,madagascar,62.06,,,,,,31
14.6,12.5,0.73,Africa,Madagascar2,madagascar,109.97,,,,,,33
16.6,16.6,0.8,Africa,Madagascar2,madagascar,197.39,,,,,,55
28.7,14.0,0.76,Africa,Madagascar2,madagascar,511.72,,,,,,31
8.6,7.7,0.42,Africa,Madagascar2,madagascar,22.16,,,,,,25
8.9,7.2,0.43,Africa,Madagascar2,madagascar,43.5,,,,,,41
9.2,6.3,0.51,Africa,Madagascar2,madagascar,19.52,,,,,,10
15.9,9.3,0.43,Africa,Madagascar2,madagascar,85.14,,,,,,41
17.8,9.2,0.36,Africa,Madagascar2,madagascar,73.96,,,,,,23
19.1,11.7,0.45,Africa,Madagascar2,madagascar,79.15,,,,,,28
28.0,13.0,0.54,Africa,Madagascar2,madagascar,217.22,,,,,,7
30.6,15.5,0.55,Africa,Madagascar2,madagascar,327.62,,,,,,6
35.0,15.0,0.55,Africa,Madagascar2,madagascar,796.02,,,,,,6
8.6,7.2,0.5,Africa,Madagascar2,madagascar,37.55,,,,,,13
9.6,10.3,0.47,Africa,Madagascar2,madagascar,27.52,,,,,,42
9.6,10.0,0.39,Africa,Madagascar2,madagascar,26.15,,,,,,19
15.9,13.2,0.58,Africa,Madagascar2,madagascar,126.48,,,,,,12
16.2,11.3,0.59,Africa,Madagascar2,madagascar,76.25,,,,,,36
18.2,8.0,0.48,Africa,Madagascar2,madagascar,79.14,,,,,,26
24.8,14.0,0.62,Africa,Madagascar2,madagascar,219.47,,,,,,35
29.0,16.4,0.54,Africa,Madagascar2,madagascar,505.38,,,,,,7
31.8,15.7,0.54,Africa,Madagascar2,madagascar,828.51,,,,,,7
8.0,6.6,0.7,Africa,Madagascar2,madagascar,24.67,,,,,,39
9.2,6.0,0.73,Africa,Madagascar2,madagascar,29.6,,,,,,33
9.6,7.0,0.74,Africa,Madagascar2,madagascar,38.59,,,,,,30
15.0,9.2,0.72,Africa,Madagascar2,madagascar,89.09,,,,,,34
17.2,10.0,0.57,Africa,Madagascar2,madagascar,99.86,,,,,,9
19.1,8.8,0.73,Africa,Madagascar2,madagascar,102.45,,,,,,33
7.6,7.5,0.47,Africa,Madagascar2,madagascar,15.64,,,,,,42
7.6,8.0,0.72,Africa,Madagascar2,madagascar,29.52,,,,,,34
9.6,12.6,0.73,Africa,Madagascar2,madagascar,39.95,,,,,,33
17.5,11.0,0.81,Africa,Madagascar2,madagascar,223.5,,,,,,57
19.1,16.0,0.64,Africa,Madagascar2,madagascar,224.44,,,,,,38
19.1,12.0,0.7,Africa,Madagascar2,madagascar,210.98,,,,,,39
28.7,14.2,0.66,Africa,Madagascar2,madagascar,606.45,,,,,,43
29.0,11.0,0.78,Africa,Madagascar2,madagascar,581.25,,,,,,45
30.3,22.0,0.62,Africa,Madagascar2,madagascar,682.14,,,,,,35
9.2,10.0,0.42,Africa,Madagascar2,madagascar,36.19,,,,,,25
9.6,9.2,0.44,Africa,Madagascar2,madagascar,28.16,,,,,,21
9.6,10.0,0.31,Africa,Madagascar2,madagascar,22.35,,,,,,44
15.6,9.0,0.39,Africa,Madagascar2,madagascar,70.81,,,,,,19
15.9,11.0,0.39,Africa,Madagascar2,madagascar,77.01,,,,,,19
18.2,9.9,0.46,Africa,Madagascar2,madagascar,81.7,,,,,,27
8.3,8.5,0.54,Africa,Madagascar2,madagascar,18.96,,,,,,7
8.6,9.0,0.52,Africa,Madagascar2,madagascar,21.91,,,,,,11
8.6,11.2,0.59,Africa,Madagascar2,madagascar,39.85,,,,,,36
15.9,11.0,0.67,Africa,Madagascar2,madagascar,208.47,,,,,,29
16.9,10.5,0.66,Africa,Madagascar2,madagascar,172.32,,,,,,43
19.1,10.8,0.61,Africa,Madagascar2,madagascar,95.1,,,,,,40
28.3,14.0,0.65,Africa,Madagascar2,madagascar,254.42,,,,,,37
29.6,12.0,0.56,Africa,Madagascar2,madagascar,522.37,,,,,,5
30.9,18.0,0.62,Africa,Madagascar2,madagascar,474.71,,,,,,35
6.4,11.4,0.44,Africa,Madagascar2,madagascar,12.37,,,,,,21
9.6,11.0,0.54,Africa,Madagascar2,madagascar,23.84,,,,,,7
9.6,10.0,0.52,Africa,Madagascar2,madagascar,29.92,,,,,,11
18.5,14.0,0.49,Africa,Madagascar2,madagascar,152.63,,,,,,24
18.5,9.0,0.53,Africa,Madagascar2,madagascar,128.39,,,,,,8
18.5,8.5,0.55,Africa,Madagascar2,madagascar,168.71,,,,,,6
28.7,11.0,0.53,Africa,Madagascar2,madagascar,307.75,,,,,,8
31.8,12.0,0.47,Africa,Madagascar2,madagascar,343.86,,,,,,42
31.8,11.0,0.51,Africa,Madagascar2,madagascar,427.23,,,,,,10
7.0,6.4,0.67,Africa,Madagascar2,madagascar,18.6,,,,,,29
9.6,8.5,0.62,Africa,Madagascar2,madagascar,31.48,,,,,,35
9.6,9.0,0.71,Africa,Madagascar2,madagascar,40.1,,,,,,49
15.9,10.5,0.58,Africa,Madagascar2,madagascar,84.32,,,,,,12
16.6,8.4,0.68,Africa,Madagascar2,madagascar,110.77,,,,,,56
19.1,16.0,0.6,Africa,Madagascar2,madagascar,359.29,,,,,,14
28.7,15.5,0.68,Africa,Madagascar2,madagascar,541.58,,,,,,56
29.0,19.0,0.55,Africa,Madagascar2,madagascar,536.38,,,,,,6
29.6,18.0,0.73,Africa,Madagascar2,madagascar,595.09,,,,,,33
7.0,8.3,0.7,Africa,Madagascar2,madagascar,21.34,,,,,,39
8.9,8.0,0.54,Africa,Madagascar2,madagascar,22.36,,,,,,7
9.6,12.1,0.69,Africa,Madagascar2,madagascar,43.7,,,,,,32
16.9,8.0,0.67,Africa,Madagascar2,madagascar,114.74,,,,,,29
19.1,10.4,0.67,Africa,Madagascar2,madagascar,126.64,,,,,,29
19.1,10.5,0.61,Africa,Madagascar2,madagascar,125.97,,,,,,40
28.7,13.8,0.68,Africa,Madagascar2,madagascar,757.63,,,,,,56
29.0,6.5,0.56,Africa,Madagascar2,madagascar,208.65,,,,,,5
31.8,8.3,0.66,Africa,Madagascar2,madagascar,370.41,,,,,,43
5.3,4.4,0.53,Africa,Madagascar3,madagascar,6.45,,,,,,8
8.4,5.7,0.56,Africa,Madagascar3,madagascar,17.42,,,,,,5
5.9,5.7,0.54,Africa,Madagascar3,madagascar,7.09,,,,,,7
6.8,6.7,0.52,Africa,Madagascar3,madagascar,9.42,,,,,,11
10.2,7.7,0.57,Africa,Madagascar3,madagascar,30.37,,,,,,9
10.6,5.9,0.59,Africa,Madagascar3,madagascar,27.39,,,,,,36
12.3,5.3,0.51,Africa,Madagascar3,madagascar,33.85,,,,,,10
5.9,3.4,0.39,Africa,Madagascar3,madagascar,7.63,,,,,,19
7.6,3.8,0.42,Africa,Madagascar3,madagascar,15.0,,,,,,25
23.6,7.3,0.43,Africa,Madagascar3,madagascar,175.59,,,,,,41
5.1,3.5,0.2,Africa,Madagascar3,madagascar,1.26,,,,,,75
6.0,3.4,0.27,Africa,Madagascar3,madagascar,1.68,,,,,,62
8.9,6.8,0.26,Africa,Madagascar3,madagascar,8.55,,,,,,67
9.2,7.2,0.27,Africa,Madagascar3,madagascar,8.35,,,,,,62
13.7,7.9,0.27,Africa,Madagascar3,madagascar,24.16,,,,,,62
15.0,7.5,0.26,Africa,Madagascar3,madagascar,24.23,,,,,,67
5.2,5.3,0.74,Africa,Madagascar3,madagascar,8.68,,,,,,30
5.3,5.8,0.74,Africa,Madagascar3,madagascar,7.94,,,,,,30
5.7,5.1,0.73,Africa,Madagascar3,madagascar,11.56,,,,,,33
8.0,6.1,0.8,Africa,Madagascar3,madagascar,30.15,,,,,,55
10.2,7.4,0.79,Africa,Madagascar3,madagascar,51.43,,,,,,54
12.3,8.2,0.79,Africa,Madagascar3,madagascar,99.45,,,,,,54
8.3,5.8,0.3,Africa,Madagascar3,madagascar,8.0,,,,,,60
19.5,7.9,0.3,Africa,Madagascar3,madagascar,51.12,,,,,,60
5.8,4.0,0.24,Africa,Madagascar3,madagascar,2.97,,,,,,76
6.7,3.9,0.23,Africa,Madagascar3,madagascar,2.67,,,,,,66
10.0,5.0,0.2,Africa,Madagascar3,madagascar,12.66,,,,,,75
11.8,4.1,0.21,Africa,Madagascar3,madagascar,13.24,,,,,,77
13.0,4.7,0.25,Africa,Madagascar3,madagascar,13.35,,,,,,63
5.2,5.0,0.85,Africa,Madagascar3,madagascar,7.64,,,,,,47
5.3,4.3,0.86,Africa,Madagascar3,madagascar,6.97,,,,,,71
5.3,5.2,0.89,Africa,Madagascar3,madagascar,12.32,,,,,,72
5.9,4.6,0.88,Africa,Madagascar3,madagascar,16.69,,,,,,78
6.5,4.9,0.86,Africa,Madagascar3,madagascar,11.86,,,,,,71
5.2,4.8,0.82,Africa,Madagascar3,madagascar,11.32,,,,,,50
5.7,3.5,0.85,Africa,Madagascar3,madagascar,11.11,,,,,,47
13.1,4.4,0.82,Africa,Madagascar3,madagascar,32.55,,,,,,50
5.9,4.5,0.89,Africa,Madagascar3,madagascar,11.79,,,,,,72
6.9,3.7,0.8,Africa,Madagascar3,madagascar,15.23,,,,,,55
7.5,5.6,0.71,Africa,Madagascar3,madagascar,15.92,,,,,,49
7.2,4.2,0.78,Africa,Madagascar3,madagascar,10.42,,,,,,45
6.4,3.4,0.46,Africa,Madagascar3,madagascar,12.62,,,,,,27
12.4,5.2,0.45,Africa,Madagascar3,madagascar,62.29,,,,,,28
7.1,3.2,0.42,Africa,Madagascar3,madagascar,14.6,,,,,,25
14.8,6.5,0.41,Africa,Madagascar3,madagascar,60.36,,,,,,22
7.1,4.2,0.31,Africa,Madagascar3,madagascar,9.52,,,,,,44
11.1,5.3,0.37,Africa,Madagascar3,madagascar,30.1,,,,,,64
5.6,5.4,0.78,Africa,Madagascar3,madagascar,14.06,,,,,,45
6.8,6.1,0.74,Africa,Madagascar3,madagascar,16.18,,,,,,30
7.6,6.1,0.78,Africa,Madagascar3,madagascar,20.13,,,,,,45
5.7,4.2,0.31,Africa,Madagascar3,madagascar,2.36,,,,,,44
6.6,4.9,0.28,Africa,Madagascar3,madagascar,4.71,,,,,,65
6.9,6.1,0.34,Africa,Madagascar3,madagascar,6.9,,,,,,18
9.9,5.6,0.36,Africa,Madagascar3,madagascar,10.74,,,,,,23
10.2,5.6,0.31,Africa,Madagascar3,madagascar,11.72,,,,,,44
13.8,7.0,0.29,Africa,Madagascar3,madagascar,24.91,,,,,,16
15.1,7.7,0.27,Africa,Madagascar3,madagascar,33.53,,,,,,62
7.0,3.8,0.18,Africa,Madagascar3,madagascar,2.28,,,,,,79
10.2,5.2,0.19,Africa,Madagascar3,madagascar,5.66,,,,,,80
10.7,3.2,0.22,Africa,Madagascar3,madagascar,5.52,,,,,,70
14.0,5.3,0.23,Africa,Madagascar3,madagascar,13.45,,,,,,66
16.2,6.3,0.29,Africa,Madagascar3,madagascar,23.85,,,,,,16
19.1,5.4,0.25,Africa,Madagascar3,madagascar,24.44,,,,,,63
24.8,4.4,0.22,Africa,Madagascar3,madagascar,30.22,,,,,,70
26.4,7.3,0.21,Africa,Madagascar3,madagascar,52.41,,,,,,77
27.4,6.1,0.21,Africa,Madagascar3,madagascar,42.27,,,,,,77
9.1,3.4,0.1,Africa,Madagascar3,madagascar,1.23,,,,,,81
11.0,3.7,0.11,Africa,Madagascar3,madagascar,1.32,,,,,,82
11.0,4.0,0.12,Africa,Madagascar3,madagascar,2.26,,,,,,83
12.6,5.0,0.09,Africa,Madagascar3,madagascar,6.47,,,,,,84
17.5,5.2,0.1,Africa,Madagascar3,madagascar,3.51,,,,,,81
31.8,4.9,0.1,Africa,Madagascar3,madagascar,17.38,,,,,,81
5.4,4.4,0.82,Africa,Madagascar3,madagascar,10.88,,,,,,50
6.1,4.9,0.77,Africa,Madagascar3,madagascar,11.66,,,,,,52
7.6,5.0,0.81,Africa,Madagascar3,madagascar,18.93,,,,,,57
8.4,6.7,0.86,Africa,Madagascar3,madagascar,34.88,,,,,,71
10.1,6.1,0.85,Africa,Madagascar3,madagascar,41.97,,,,,,47
6.6,4.7,0.78,Africa,Madagascar3,madagascar,12.6,,,,,,45
5.6,4.7,0.7,Africa,Madagascar3,madagascar,7.58,,,,,,39
9.4,6.1,0.83,Africa,Madagascar3,madagascar,36.94,,,,,,1
5.6,4.2,0.79,Africa,Madagascar3,madagascar,11.66,,,,,,54
7.6,4.4,0.73,Africa,Madagascar3,madagascar,41.21,,,,,,33
8.3,5.8,0.72,Africa,Madagascar3,madagascar,27.21,,,,,,34
7.2,6.1,0.66,Africa,Madagascar3,madagascar,20.64,,,,,,43
7.3,6.3,0.68,Africa,Madagascar3,madagascar,26.05,,,,,,56
10.0,8.8,0.67,Africa,Madagascar3,madagascar,40.94,,,,,,29
13.1,9.5,0.73,Africa,Madagascar3,madagascar,81.1,,,,,,33
10.0,12.0,0.64,Africa,Madagascar4,madagascar,53.73,,,,,,38
10.0,13.0,0.69,Africa,Madagascar4,madagascar,65.24,,,,,,32
14.0,12.0,0.62,Africa,Madagascar4,madagascar,94.36,,,,,,35
19.0,19.0,0.71,Africa,Madagascar4,madagascar,268.07,,,,,,49
24.0,16.0,0.67,Africa,Madagascar4,madagascar,434.35,,,,,,29
28.0,20.0,0.63,Africa,Madagascar4,madagascar,540.32,,,,,,4
30.0,25.0,0.63,Africa,Madagascar4,madagascar,574.38,,,,,,4
33.0,22.0,0.65,Africa,Madagascar4,madagascar,844.92,,,,,,37
11.0,16.0,0.48,Africa,Madagascar4,madagascar,52.99,,,,,,26
14.0,19.0,0.45,Africa,Madagascar4,madagascar,118.16,,,,,,28
16.0,22.0,0.5,Africa,Madagascar4,madagascar,162.15,,,,,,13
19.0,21.0,0.48,Africa,Madagascar4,madagascar,224.45,,,,,,26
20.0,24.0,0.48,Africa,Madagascar4,madagascar,237.12,,,,,,26
21.0,24.0,0.54,Africa,Madagascar4,madagascar,311.43,,,,,,7
28.0,25.0,0.52,Africa,Madagascar4,madagascar,654.97,,,,,,11
33.0,27.0,0.52,Africa,Madagascar4,madagascar,652.91,,,,,,11
35.0,33.0,0.58,Africa,Madagascar4,madagascar,1277.51,,,,,,12
14.0,18.0,0.49,Africa,Madagascar4,madagascar,102.6,,,,,,24
14.0,20.0,0.56,Africa,Madagascar4,madagascar,153.39,,,,,,5
14.0,15.0,0.48,Africa,Madagascar4,madagascar,134.82,,,,,,26
19.0,19.0,0.55,Africa,Madagascar4,madagascar,253.78,,,,,,6
23.0,24.0,0.49,Africa,Madagascar4,madagascar,320.98,,,,,,24
26.0,29.0,0.52,Africa,Madagascar4,madagascar,454.43,,,,,,11
30.0,24.0,0.48,Africa,Madagascar4,madagascar,659.85,,,,,,26
35.0,20.0,0.49,Africa,Madagascar4,madagascar,642.04,,,,,,24
37.0,26.0,0.52,Africa,Madagascar4,madagascar,529.16,,,,,,11
14.0,15.0,0.46,Africa,Madagascar4,madagascar,84.29,,,,,,27
15.0,14.0,0.58,Africa,Madagascar4,madagascar,127.67,,,,,,12
16.0,14.0,0.57,Africa,Madagascar4,madagascar,164.17,,,,,,9
18.0,18.0,0.67,Africa,Madagascar4,madagascar,183.49,,,,,,29
19.0,17.0,0.46,Africa,Madagascar4,madagascar,230.11,,,,,,27
20.0,11.0,0.66,Africa,Madagascar4,madagascar,183.36,,,,,,43
28.0,23.0,0.56,Africa,Madagascar4,madagascar,653.96,,,,,,5
30.0,19.0,0.55,Africa,Madagascar4,madagascar,408.3,,,,,,6
13.0,11.0,0.75,Africa,Madagascar4,madagascar,72.66,,,,,,59
14.0,15.0,0.69,Africa,Madagascar4,madagascar,106.57,,,,,,32
14.0,14.0,0.73,Africa,Madagascar4,madagascar,121.41,,,,,,33
21.0,19.0,0.7,Africa,Madagascar4,madagascar,263.49,,,,,,39
22.0,13.0,0.62,Africa,Madagascar4,madagascar,249.1,,,,,,35
24.0,11.0,0.66,Africa,Madagascar4,madagascar,286.02,,,,,,43
26.0,16.0,0.71,Africa,Madagascar4,madagascar,444.75,,,,,,49
28.0,15.0,0.63,Africa,Madagascar4,madagascar,369.44,,,,,,4
33.0,23.0,0.66,Africa,Madagascar4,madagascar,899.22,,,,,,43
10.0,11.0,0.64,Africa,Madagascar4,madagascar,45.3,,,,,,38
14.0,14.0,0.68,Africa,Madagascar4,madagascar,77.93,,,,,,56
16.0,18.0,0.69,Africa,Madagascar4,madagascar,165.14,,,,,,32
19.0,15.0,0.65,Africa,Madagascar4,madagascar,213.22,,,,,,37
20.0,19.0,0.67,Africa,Madagascar4,madagascar,282.12,,,,,,29
22.0,20.0,0.7,Africa,Madagascar4,madagascar,355.21,,,,,,39
27.0,21.0,0.67,Africa,Madagascar4,madagascar,436.57,,,,,,29
29.0,25.0,0.68,Africa,Madagascar4,madagascar,766.09,,,,,,56
33.0,25.0,0.64,Africa,Madagascar4,madagascar,898.39,,,,,,38
9.0,11.0,0.66,Africa,Madagascar4,madagascar,40.89,,,,,,43
10.0,11.0,0.65,Africa,Madagascar4,madagascar,48.91,,,,,,37
11.0,12.0,0.65,Africa,Madagascar4,madagascar,66.18,,,,,,37
17.0,17.0,0.64,Africa,Madagascar4,madagascar,136.24,,,,,,38
17.0,19.0,0.55,Africa,Madagascar4,madagascar,167.86,,,,,,6
18.0,12.0,0.63,Africa,Madagascar4,madagascar,147.69,,,,,,4
27.0,17.0,0.64,Africa,Madagascar4,madagascar,274.63,,,,,,38
27.0,17.0,0.65,Africa,Madagascar4,madagascar,341.39,,,,,,37
27.0,18.0,0.62,Africa,Madagascar4,madagascar,439.75,,,,,,35
14.0,14.0,0.5,Africa,Madagascar4,madagascar,52.78,,,,,,13
14.0,16.0,0.47,Africa,Madagascar4,madagascar,87.8,,,,,,42
16.0,14.0,0.57,Africa,Madagascar4,madagascar,106.91,,,,,,9
21.0,18.0,0.57,Africa,Madagascar4,madagascar,178.25,,,,,,9
22.0,17.0,0.52,Africa,Madagascar4,madagascar,166.61,,,,,,11
22.0,18.0,0.48,Africa,Madagascar4,madagascar,186.86,,,,,,26
27.0,18.0,0.48,Africa,Madagascar4,madagascar,207.95,,,,,,26
27.0,12.0,0.51,Africa,Madagascar4,madagascar,210.41,,,,,,10
37.0,17.0,0.49,Africa,Madagascar4,madagascar,599.14,,,,,,24
12.0,11.0,0.6,Africa,Madagascar4,madagascar,70.6,,,,,,14
13.0,10.0,0.73,Africa,Madagascar4,madagascar,71.18,,,,,,33
14.0,10.0,0.61,Africa,Madagascar4,madagascar,88.78,,,,,,40
19.0,16.0,0.59,Africa,Madagascar4,madagascar,217.83,,,,,,36
19.0,13.0,0.56,Africa,Madagascar4,madagascar,214.92,,,,,,5
24.0,17.0,0.57,Africa,Madagascar4,madagascar,264.97,,,,,,9
25.0,16.0,0.59,Africa,Madagascar4,madagascar,406.37,,,,,,36
28.0,15.0,0.6,Africa,Madagascar4,madagascar,444.16,,,,,,14
32.0,14.0,0.56,Africa,Madagascar4,madagascar,499.77,,,,,,5
33.0,26.0,0.55,Africa,Madagascar4,madagascar,698.64,,,,,,6
7.0,8.0,0.49,Africa,Madagascar5,madagascar,11.15,,,,,,24
7.5,13.5,0.54,Africa,Madagascar5,madagascar,12.98,,,,,,7
8.5,10.5,0.5,Africa,Madagascar5,madagascar,22.77,,,,,,13
17.0,10.5,0.5,Africa,Madagascar5,madagascar,81.03,,,,,,13
17.0,14.5,0.52,Africa,Madagascar5,madagascar,129.8,,,,,,11
17.5,13.5,0.52,Africa,Madagascar5,madagascar,64.8,,,,,,11
25.0,16.0,0.5,Africa,Madagascar5,madagascar,238.15,,,,,,13
28.0,16.0,0.49,Africa,Madagascar5,madagascar,243.16,,,,,,24
29.0,17.0,0.48,Africa,Madagascar5,madagascar,267.52,,,,,,26
6.0,7.0,0.51,Africa,Madagascar5,madagascar,10.02,,,,,,10
6.5,6.5,0.53,Africa,Madagascar5,madagascar,11.37,,,,,,8
8.0,12.0,0.52,Africa,Madagascar5,madagascar,29.11,,,,,,11
16.5,11.5,0.56,Africa,Madagascar5,madagascar,115.77,,,,,,5
17.0,12.5,0.52,Africa,Madagascar5,madagascar,114.62,,,,,,11
28.0,17.0,0.54,Africa,Madagascar5,madagascar,281.91,,,,,,7
30.0,18.0,0.53,Africa,Madagascar5,madagascar,340.21,,,,,,8
17.5,11.5,0.58,Africa,Madagascar5,madagascar,191.7,,,,,,12
29.0,13.5,0.63,Africa,Madagascar5,madagascar,256.56,,,,,,4
17.0,17.5,0.28,Africa,Madagascar5,madagascar,102.04,,,,,,65
17.0,14.5,0.26,Africa,Madagascar5,madagascar,115.68,,,,,,67
17.5,13.0,0.27,Africa,Madagascar5,madagascar,105.86,,,,,,62
25.0,18.0,0.26,Africa,Madagascar5,madagascar,188.46,,,,,,67
30.0,10.5,0.26,Africa,Madagascar5,madagascar,141.27,,,,,,67
30.0,15.0,0.29,Africa,Madagascar5,madagascar,290.06,,,,,,16
16.0,11.0,0.53,Africa,Madagascar5,madagascar,102.39,,,,,,8
16.5,12.5,0.54,Africa,Madagascar5,madagascar,85.99,,,,,,7
17.5,13.5,0.52,Africa,Madagascar5,madagascar,129.42,,,,,,11
32.0,21.5,0.53,Africa,Madagascar5,madagascar,508.14,,,,,,8
7.0,10.0,0.46,Africa,Madagascar5,madagascar,33.35,,,,,,27
7.5,11.0,0.46,Africa,Madagascar5,madagascar,38.04,,,,,,27
35.0,18.5,0.45,Africa,Madagascar5,madagascar,506.19,,,,,,28
35.0,16.5,0.45,Africa,Madagascar5,madagascar,305.61,,,,,,28
7.0,8.5,0.36,Africa,Madagascar5,madagascar,8.53,,,,,,23
7.0,8.0,0.33,Africa,Madagascar5,madagascar,8.39,,,,,,58
8.5,6.5,0.38,Africa,Madagascar5,madagascar,30.83,,,,,,20
7.5,9.5,0.47,Africa,Madagascar5,madagascar,17.75,,,,,,42
8.0,7.0,0.47,Africa,Madagascar5,madagascar,14.04,,,,,,42
8.5,8.5,0.48,Africa,Madagascar5,madagascar,27.26,,,,,,26
16.0,9.0,0.46,Africa,Madagascar5,madagascar,76.99,,,,,,27
16.5,9.0,0.48,Africa,Madagascar5,madagascar,60.06,,,,,,26
16.5,8.2,0.48,Africa,Madagascar5,madagascar,70.33,,,,,,26
25.0,12.0,0.49,Africa,Madagascar5,madagascar,172.31,,,,,,24
34.0,16.5,0.45,Africa,Madagascar5,madagascar,539.99,,,,,,28
36.0,20.5,0.47,Africa,Madagascar5,madagascar,826.44,,,,,,42
6.5,10.0,0.75,Africa,Madagascar5,madagascar,14.78,,,,,,59
7.0,9.5,0.74,Africa,Madagascar5,madagascar,18.76,,,,,,30
7.5,9.0,0.78,Africa,Madagascar5,madagascar,23.45,,,,,,45
16.5,11.5,0.78,Africa,Madagascar5,madagascar,104.26,,,,,,45
16.5,10.5,0.77,Africa,Madagascar5,madagascar,176.74,,,,,,52
17.0,10.5,0.78,Africa,Madagascar5,madagascar,147.82,,,,,,45
27.0,15.5,0.77,Africa,Madagascar5,madagascar,330.88,,,,,,52
27.5,15.0,0.8,Africa,Madagascar5,madagascar,279.22,,,,,,55
30.0,14.0,0.77,Africa,Madagascar5,madagascar,311.76,,,,,,52
6.0,10.0,0.41,Africa,Madagascar5,madagascar,7.36,,,,,,22
8.0,10.5,0.39,Africa,Madagascar5,madagascar,13.2,,,,,,19
8.0,9.0,0.41,Africa,Madagascar5,madagascar,12.82,,,,,,22
15.0,13.4,0.4,Africa,Madagascar5,madagascar,41.96,,,,,,15
17.0,13.0,0.41,Africa,Madagascar5,madagascar,103.98,,,,,,22
17.5,18.0,0.44,Africa,Madagascar5,madagascar,152.12,,,,,,21
26.0,17.0,0.43,Africa,Madagascar5,madagascar,207.92,,,,,,41
27.0,18.0,0.44,Africa,Madagascar5,madagascar,264.49,,,,,,21
32.0,19.0,0.41,Africa,Madagascar5,madagascar,190.49,,,,,,22
15.0,11.0,0.69,Africa,Madagascar5,madagascar,58.55,,,,,,32
16.0,11.0,0.69,Africa,Madagascar5,madagascar,66.33,,,,,,32
17.0,13.0,0.68,Africa,Madagascar5,madagascar,69.73,,,,,,56
26.0,18.0,0.66,Africa,Madagascar5,madagascar,324.35,,,,,,43
30.0,17.0,0.66,Africa,Madagascar5,madagascar,342.5,,,,,,43
7.5,9.0,0.63,Africa,Madagascar5,madagascar,21.09,,,,,,4
8.0,6.5,0.65,Africa,Madagascar5,madagascar,22.24,,,,,,37
17.5,13.5,0.54,Africa,Madagascar5,madagascar,149.27,,,,,,7
25.0,14.0,0.55,Africa,Madagascar5,madagascar,178.11,,,,,,6
28.0,17.0,0.53,Africa,Madagascar5,madagascar,318.58,,,,,,8
36.0,23.0,0.54,Africa,Madagascar5,madagascar,734.96,,,,,,7
6.0,11.3,0.52,Africa,Madagascar5,madagascar,12.0,,,,,,11
7.0,9.5,0.57,Africa,Madagascar5,madagascar,13.37,,,,,,9
7.0,11.5,0.55,Africa,Madagascar5,madagascar,22.98,,,,,,6
16.0,16.0,0.56,Africa,Madagascar5,madagascar,157.93,,,,,,5
17.5,15.0,0.55,Africa,Madagascar5,madagascar,118.39,,,,,,6
8.5,9.0,0.68,Africa,Madagascar5,madagascar,26.14,,,,,,56
6.0,8.0,0.7,Africa,Madagascar5,madagascar,10.08,,,,,,39
6.5,8.0,0.64,Africa,Madagascar5,madagascar,15.35,,,,,,38
7.0,8.5,0.64,Africa,Madagascar5,madagascar,12.28,,,,,,38
17.0,14.5,0.7,Africa,Madagascar5,madagascar,137.03,,,,,,39
17.0,17.5,0.69,Africa,Madagascar5,madagascar,179.58,,,,,,32
17.0,18.0,0.7,Africa,Madagascar5,madagascar,188.95,,,,,,39
30.0,20.0,0.69,Africa,Madagascar5,madagascar,538.71,,,,,,32
32.0,19.0,0.7,Africa,Madagascar5,madagascar,518.7,,,,,,39
36.0,21.0,0.64,Africa,Madagascar5,madagascar,1062.26,,,,,,38
7.5,7.0,0.57,Africa,Madagascar5,madagascar,17.88,,,,,,9
30.0,8.0,0.6,Africa,Madagascar5,madagascar,331.64,,,,,,14
11.9,20.8,0.63,Asia,Malaysia,malaysia,99.73,2054.0,1.0,Moist,1,100,4
13.8,21.4,0.58,Asia,Malaysia,malaysia,136.47,2054.0,1.0,Moist,1,100,12
12.1,16.5,0.6,Asia,Malaysia,malaysia,98.49,2054.0,1.0,Moist,1,100,14
10.0,12.0,0.54,Asia,Malaysia,malaysia,32.7,2054.0,1.0,Moist,1,100,7
10.7,14.3,0.52,Asia,Malaysia,malaysia,38.89,2054.0,1.0,Moist,1,100,11
10.7,13.5,0.48,Asia,Malaysia,malaysia,34.63,2054.0,1.0,Moist,1,100,26
20.7,26.0,0.62,Asia,Malaysia,malaysia,375.52,2054.0,1.0,Moist,1,100,35
10.0,16.3,0.62,Asia,Malaysia,malaysia,62.8,2054.0,1.0,Moist,1,100,35
20.6,24.2,0.55,Asia,Malaysia,malaysia,277.47,2054.0,1.0,Moist,1,100,6
48.2,47.5,0.62,Asia,Malaysia,malaysia,3459.77,2054.0,1.0,Moist,1,100,35
77.9,50.0,0.6,Asia,Malaysia,malaysia,9836.28,2054.0,1.0,Moist,1,100,14
12.4,21.2,0.56,Asia,Malaysia,malaysia,116.0,2054.0,1.0,Moist,1,100,5
43.0,31.5,0.59,Asia,Malaysia,malaysia,1739.43,2054.0,1.0,Moist,1,100,36
15.7,17.2,0.51,Asia,Malaysia,malaysia,121.69,2054.0,1.0,Moist,1,100,10
11.9,19.2,0.58,Asia,Malaysia,malaysia,71.81,2054.0,1.0,Moist,1,100,12
13.6,18.0,0.61,Asia,Malaysia,malaysia,116.78,2054.0,1.0,Moist,1,100,40
28.2,24.6,0.6,Asia,Malaysia,malaysia,733.6,2054.0,1.0,Moist,1,100,14
32.9,27.8,0.56,Asia,Malaysia,malaysia,1164.79,2054.0,1.0,Moist,1,100,5
13.5,18.5,0.63,Asia,Malaysia,malaysia,136.75,2054.0,1.0,Moist,1,100,4
37.2,34.4,0.57,Asia,Malaysia,malaysia,1265.64,2054.0,1.0,Moist,1,100,9
10.9,16.9,0.6,Asia,Malaysia,malaysia,39.02,2054.0,1.0,Moist,1,100,14
21.7,22.7,0.56,Asia,Malaysia,malaysia,316.45,2054.0,1.0,Moist,1,100,5
35.9,27.9,0.65,Asia,Malaysia,malaysia,1056.26,2054.0,1.0,Moist,1,100,37
13.9,21.1,0.6,Asia,Malaysia,malaysia,112.82,2054.0,1.0,Moist,1,100,14
45.7,37.2,0.55,Asia,Malaysia,malaysia,2047.75,2054.0,1.0,Moist,1,100,6
21.4,24.8,0.57,Asia,Malaysia,malaysia,374.85,2054.0,1.0,Moist,1,100,9
101.6,57.5,0.64,Asia,Malaysia,malaysia,17115.17,2054.0,1.0,Moist,1,100,38
9.7,17.4,0.64,Asia,Malaysia,malaysia,56.13,2054.0,1.0,Moist,1,100,38
12.9,16.3,0.63,Asia,Malaysia,malaysia,81.91,2054.0,1.0,Moist,1,100,4
14.0,15.0,0.59,Asia,Malaysia,malaysia,127.7,2054.0,1.0,Moist,1,100,36
66.7,42.0,0.57,Asia,Malaysia,malaysia,6297.34,2054.0,1.0,Moist,1,100,9
5.0,10.0,0.54,Asia,Malaysia,malaysia,6.06,2054.0,1.0,Moist,1,100,7
5.0,9.1,0.59,Asia,Malaysia,malaysia,6.14,2054.0,1.0,Moist,1,100,36
5.0,6.3,0.54,Asia,Malaysia,malaysia,4.75,2054.0,1.0,Moist,1,100,7
5.0,8.3,0.8,Asia,Malaysia,malaysia,9.97,2054.0,1.0,Moist,1,100,55
5.0,10.0,0.39,Asia,Malaysia,malaysia,6.24,2054.0,1.0,Moist,1,100,19
5.1,6.5,0.72,Asia,Malaysia,malaysia,6.65,2054.0,1.0,Moist,1,100,34
5.1,10.0,0.59,Asia,Malaysia,malaysia,10.41,2054.0,1.0,Moist,1,100,36
5.1,5.8,0.56,Asia,Malaysia,malaysia,8.31,2054.0,1.0,Moist,1,100,5
5.2,8.8,0.55,Asia,Malaysia,malaysia,6.93,2054.0,1.0,Moist,1,100,6
5.2,10.0,0.52,Asia,Malaysia,malaysia,8.84,2054.0,1.0,Moist,1,100,11
5.3,7.5,0.51,Asia,Malaysia,malaysia,5.86,2054.0,1.0,Moist,1,100,10
5.3,10.0,0.61,Asia,Malaysia,malaysia,11.41,2054.0,1.0,Moist,1,100,40
5.4,10.6,0.61,Asia,Malaysia,malaysia,8.71,2054.0,1.0,Moist,1,100,40
5.4,11.7,0.65,Asia,Malaysia,malaysia,10.52,2054.0,1.0,Moist,1,100,37
5.4,9.5,0.58,Asia,Malaysia,malaysia,8.4,2054.0,1.0,Moist,1,100,12
5.5,9.7,0.59,Asia,Malaysia,malaysia,10.58,2054.0,1.0,Moist,1,100,36
5.5,8.6,0.54,Asia,Malaysia,malaysia,9.68,2054.0,1.0,Moist,1,100,7
5.5,8.4,0.54,Asia,Malaysia,malaysia,11.49,2054.0,1.0,Moist,1,100,7
5.5,7.7,0.48,Asia,Malaysia,malaysia,12.21,2054.0,1.0,Moist,1,100,26
5.6,8.8,0.46,Asia,Malaysia,malaysia,6.59,2054.0,1.0,Moist,1,100,27
5.7,10.0,0.53,Asia,Malaysia,malaysia,8.16,2054.0,1.0,Moist,1,100,8
5.8,8.0,0.56,Asia,Malaysia,malaysia,6.27,2054.0,1.0,Moist,1,100,5
5.8,9.9,0.58,Asia,Malaysia,malaysia,10.74,2054.0,1.0,Moist,1,100,12
5.8,10.4,0.65,Asia,Malaysia,malaysia,12.81,2054.0,1.0,Moist,1,100,37
5.8,9.9,0.58,Asia,Malaysia,malaysia,11.98,2054.0,1.0,Moist,1,100,12
5.9,11.2,0.72,Asia,Malaysia,malaysia,14.2,2054.0,1.0,Moist,1,100,34
5.9,7.7,0.51,Asia,Malaysia,malaysia,11.48,2054.0,1.0,Moist,1,100,10
6.0,12.5,0.61,Asia,Malaysia,malaysia,15.29,2054.0,1.0,Moist,1,100,40
6.0,9.3,0.61,Asia,Malaysia,malaysia,11.6,2054.0,1.0,Moist,1,100,40
6.1,10.0,0.62,Asia,Malaysia,malaysia,14.92,2054.0,1.0,Moist,1,100,35
6.1,10.6,0.56,Asia,Malaysia,malaysia,15.84,2054.0,1.0,Moist,1,100,5
6.2,12.2,0.62,Asia,Malaysia,malaysia,11.96,2054.0,1.0,Moist,1,100,35
6.2,8.6,0.59,Asia,Malaysia,malaysia,10.21,2054.0,1.0,Moist,1,100,36
6.2,8.5,0.55,Asia,Malaysia,malaysia,9.56,2054.0,1.0,Moist,1,100,6
6.2,8.7,0.72,Asia,Malaysia,malaysia,14.7,2054.0,1.0,Moist,1,100,34
6.3,9.2,0.63,Asia,Malaysia,malaysia,13.69,2054.0,1.0,Moist,1,100,4
6.3,8.7,0.64,Asia,Malaysia,malaysia,15.7,2054.0,1.0,Moist,1,100,38
6.5,10.6,0.62,Asia,Malaysia,malaysia,14.43,2054.0,1.0,Moist,1,100,35
6.5,7.1,0.48,Asia,Malaysia,malaysia,9.81,2054.0,1.0,Moist,1,100,26
6.6,12.7,0.66,Asia,Malaysia,malaysia,18.64,2054.0,1.0,Moist,1,100,43
6.7,9.5,0.59,Asia,Malaysia,malaysia,12.43,2054.0,1.0,Moist,1,100,36
6.9,7.0,0.57,Asia,Malaysia,malaysia,11.79,2054.0,1.0,Moist,1,100,9
7.0,11.2,0.63,Asia,Malaysia,malaysia,17.24,2054.0,1.0,Moist,1,100,4
7.1,12.6,0.59,Asia,Malaysia,malaysia,18.18,2054.0,1.0,Moist,1,100,36
7.2,9.6,0.66,Asia,Malaysia,malaysia,19.81,2054.0,1.0,Moist,1,100,43
7.2,10.8,0.59,Asia,Malaysia,malaysia,27.62,2054.0,1.0,Moist,1,100,36
7.3,10.6,0.46,Asia,Malaysia,malaysia,9.96,2054.0,1.0,Moist,1,100,27
7.4,11.5,0.61,Asia,Malaysia,malaysia,17.07,2054.0,1.0,Moist,1,100,40
7.4,9.8,0.47,Asia,Malaysia,malaysia,16.17,2054.0,1.0,Moist,1,100,42
7.5,11.5,0.66,Asia,Malaysia,malaysia,21.72,2054.0,1.0,Moist,1,100,43
7.7,10.8,0.49,Asia,Malaysia,malaysia,16.88,2054.0,1.0,Moist,1,100,24
7.8,10.0,0.66,Asia,Malaysia,malaysia,23.74,2054.0,1.0,Moist,1,100,43
8.2,10.7,0.4,Asia,Malaysia,malaysia,15.87,2054.0,1.0,Moist,1,100,15
8.4,12.4,0.68,Asia,Malaysia,malaysia,36.02,2054.0,1.0,Moist,1,100,56
8.6,9.6,0.41,Asia,Malaysia,malaysia,17.3,2054.0,1.0,Moist,1,100,22
9.2,12.8,0.6,Asia,Malaysia,malaysia,44.56,2054.0,1.0,Moist,1,100,14
9.3,10.6,0.52,Asia,Malaysia,malaysia,29.07,2054.0,1.0,Moist,1,100,11
9.4,15.6,0.61,Asia,Malaysia,malaysia,44.18,2054.0,1.0,Moist,1,100,40
9.7,13.0,0.58,Asia,Malaysia,malaysia,36.4,2054.0,1.0,Moist,1,100,12
9.9,17.5,0.66,Asia,Malaysia,malaysia,70.05,2054.0,1.0,Moist,1,100,43
10.0,12.8,0.41,Asia,Malaysia,malaysia,28.39,2054.0,1.0,Moist,1,100,22
10.1,17.2,0.56,Asia,Malaysia,malaysia,40.97,2054.0,1.0,Moist,1,100,5
10.8,12.3,0.45,Asia,Malaysia,malaysia,28.67,2054.0,1.0,Moist,1,100,28
10.9,11.1,0.64,Asia,Malaysia,malaysia,33.77,2054.0,1.0,Moist,1,100,38
11.0,12.1,0.53,Asia,Malaysia,malaysia,41.18,2054.0,1.0,Moist,1,100,8
12.0,19.3,0.69,Asia,Malaysia,malaysia,100.67,2054.0,1.0,Moist,1,100,32
12.3,16.6,0.61,Asia,Malaysia,malaysia,80.49,2054.0,1.0,Moist,1,100,40
12.4,12.4,0.59,Asia,Malaysia,malaysia,58.76,2054.0,1.0,Moist,1,100,36
12.4,15.8,0.65,Asia,Malaysia,malaysia,87.03,2054.0,1.0,Moist,1,100,37
14.1,15.0,0.66,Asia,Malaysia,malaysia,123.37,2054.0,1.0,Moist,1,100,43
16.2,20.0,0.77,Asia,Malaysia,malaysia,229.2,2054.0,1.0,Moist,1,100,52
18.2,24.0,0.65,Asia,Malaysia,malaysia,255.76,2054.0,1.0,Moist,1,100,37
18.4,23.2,0.73,Asia,Malaysia,malaysia,237.59,2054.0,1.0,Moist,1,100,33
20.1,24.0,0.64,Asia,Malaysia,malaysia,269.98,2054.0,1.0,Moist,1,100,38
21.3,26.3,0.68,Asia,Malaysia,malaysia,400.12,2054.0,1.0,Moist,1,100,56
21.3,24.4,0.68,Asia,Malaysia,malaysia,434.01,2054.0,1.0,Moist,1,100,56
22.2,28.0,0.73,Asia,Malaysia,malaysia,396.51,2054.0,1.0,Moist,1,100,33
27.6,31.6,0.61,Asia,Malaysia,malaysia,665.03,2054.0,1.0,Moist,1,100,40
28.9,27.8,0.57,Asia,Malaysia,malaysia,719.17,2054.0,1.0,Moist,1,100,9
29.0,25.9,0.6,Asia,Malaysia,malaysia,577.0,2054.0,1.0,Moist,1,100,14
33.0,30.0,0.72,Asia,Malaysia,malaysia,941.31,2054.0,1.0,Moist,1,100,34
34.2,33.3,0.56,Asia,Malaysia,malaysia,650.75,2054.0,1.0,Moist,1,100,5
37.5,31.0,0.75,Asia,Malaysia,malaysia,1543.03,2054.0,1.0,Moist,1,100,59
39.6,28.0,0.65,Asia,Malaysia,malaysia,1563.88,2054.0,1.0,Moist,1,100,37
40.5,31.2,0.59,Asia,Malaysia,malaysia,1014.92,2054.0,1.0,Moist,1,100,36
41.2,34.5,0.61,Asia,Malaysia,malaysia,1449.59,2054.0,1.0,Moist,1,100,40
55.6,42.5,0.65,Asia,Malaysia,malaysia,4363.15,2054.0,1.0,Moist,1,100,37
63.0,48.9,0.73,Asia,Malaysia,malaysia,4874.82,2054.0,1.0,Moist,1,100,33
89.0,48.0,0.6,Asia,Malaysia,malaysia,14062.9,2054.0,1.0,Moist,1,100,14
91.8,41.4,0.69,Asia,Malaysia,malaysia,13666.71,2054.0,1.0,Moist,1,100,32
10.9,15.0,0.52,Asia,Malaysia,malaysia,48.34,2054.0,1.0,Moist,1,100,11
26.2,28.7,0.56,Asia,Malaysia,malaysia,545.38,2054.0,1.0,Moist,1,100,5
52.8,36.1,0.6,Asia,Malaysia,malaysia,2821.98,2054.0,1.0,Moist,1,100,14
53.2,34.9,0.63,Asia,Malaysia,malaysia,3874.86,2054.0,1.0,Moist,1,100,4
18.9,24.9,0.59,Asia,Malaysia,malaysia,333.93,2054.0,1.0,Moist,1,100,36
57.9,46.8,0.58,Asia,Malaysia,malaysia,3092.12,2054.0,1.0,Moist,1,100,12
20.1,23.9,0.61,Asia,Malaysia,malaysia,380.76,2054.0,1.0,Moist,1,100,40
24.5,25.0,0.61,Asia,Malaysia,malaysia,595.69,2054.0,1.0,Moist,1,100,40
38.2,30.0,0.54,Asia,Malaysia,malaysia,1305.75,2054.0,1.0,Moist,1,100,7
22.8,27.3,0.63,Asia,Malaysia,malaysia,306.2,2054.0,1.0,Moist,1,100,4
46.1,32.5,0.58,Asia,Malaysia,malaysia,1608.99,2054.0,1.0,Moist,1,100,12
12.6,13.6,0.54,Asia,Malaysia,malaysia,78.88,2054.0,1.0,Moist,1,100,7
15.6,12.0,0.56,Asia,Malaysia,malaysia,97.51,2054.0,1.0,Moist,1,100,5
38.5,38.4,0.59,Asia,Malaysia,malaysia,1110.11,2054.0,1.0,Moist,1,100,36
42.0,35.0,0.54,Asia,Malaysia,malaysia,1168.07,2054.0,1.0,Moist,1,100,7
32.9,28.8,0.59,Asia,Malaysia,malaysia,1136.46,2054.0,1.0,Moist,1,100,36
39.2,33.9,0.48,Asia,Malaysia,malaysia,1030.9,2054.0,1.0,Moist,1,100,26
60.1,39.5,0.63,Asia,Malaysia,malaysia,4541.26,2054.0,1.0,Moist,1,100,4
30.4,28.7,0.66,Asia,Malaysia2,malaysia,907.3,,,,,,43
11.3,16.9,0.62,Asia,Malaysia2,malaysia,69.05,,,,,,35
6.2,9.5,0.63,Asia,Malaysia2,malaysia,14.63,,,,,,4
7.2,12.6,0.55,Asia,Malaysia2,malaysia,16.45,,,,,,6
6.3,12.2,0.67,Asia,Malaysia2,malaysia,18.22,,,,,,29
66.7,40.4,0.74,Asia,Malaysia2,malaysia,6172.0,,,,,,30
13.7,20.3,0.73,Asia,Malaysia2,malaysia,181.11,,,,,,33
7.5,14.5,0.51,Asia,Malaysia2,malaysia,20.32,,,,,,10
6.3,12.3,0.61,Asia,Malaysia2,malaysia,13.39,,,,,,40
5.9,13.2,0.46,Asia,Malaysia2,malaysia,10.54,,,,,,27
10.2,14.9,0.46,Asia,Malaysia2,malaysia,42.84,,,,,,27
5.8,7.9,0.76,Asia,Malaysia2,malaysia,6.83,,,,,,31
9.4,11.5,0.61,Asia,Malaysia2,malaysia,33.62,,,,,,40
53.0,46.2,0.76,Asia,Malaysia2,malaysia,5810.9,,,,,,31
5.9,10.6,0.67,Asia,Malaysia2,malaysia,11.8,,,,,,29
5.8,10.2,0.61,Asia,Malaysia2,malaysia,13.18,,,,,,40
23.0,19.3,0.61,Asia,Malaysia2,malaysia,557.42,,,,,,40
26.1,25.8,0.59,Asia,Malaysia2,malaysia,726.18,,,,,,36
27.7,28.5,0.59,Asia,Malaysia2,malaysia,908.6,,,,,,36
5.6,7.9,0.63,Asia,Malaysia2,malaysia,9.28,,,,,,4
12.4,15.2,0.58,Asia,Malaysia2,malaysia,132.01,,,,,,12
46.8,35.0,0.57,Asia,Malaysia2,malaysia,2122.9,,,,,,9
13.8,16.2,0.43,Asia,Malaysia2,malaysia,59.75,,,,,,41
21.1,19.0,0.77,Asia,Malaysia2,malaysia,430.2,,,,,,52
5.2,6.5,0.78,Americas,MFrenchG,mfrenchg,7.01,3200.0,1.0,MoistMangrove,2,100,45
5.3,8.1,0.78,Americas,MFrenchG,mfrenchg,8.07,3200.0,1.0,MoistMangrove,2,100,45
5.5,9.0,0.78,Americas,MFrenchG,mfrenchg,12.95,3200.0,1.0,MoistMangrove,2,100,45
6.5,4.4,0.78,Americas,MFrenchG,mfrenchg,5.46,3200.0,1.0,MoistMangrove,2,100,45
6.7,6.0,0.78,Americas,MFrenchG,mfrenchg,13.37,3200.0,1.0,MoistMangrove,2,100,45
6.8,7.8,0.78,Americas,MFrenchG,mfrenchg,14.9,3200.0,1.0,MoistMangrove,2,100,45
8.0,6.9,0.78,Americas,MFrenchG,mfrenchg,18.31,3200.0,1.0,MoistMangrove,2,100,45
9.0,10.0,0.78,Americas,MFrenchG,mfrenchg,40.86,3200.0,1.0,MoistMangrove,2,100,45
10.0,13.7,0.78,Americas,MFrenchG,mfrenchg,54.17,3200.0,1.0,MoistMangrove,2,100,45
13.0,9.4,0.78,Americas,MFrenchG,mfrenchg,71.82,3200.0,1.0,MoistMangrove,2,100,45
15.5,13.0,0.78,Americas,MFrenchG,mfrenchg,87.6,3200.0,1.0,MoistMangrove,2,100,45
19.7,18.0,0.78,Americas,MFrenchG,mfrenchg,203.5,3200.0,1.0,MoistMangrove,2,100,45
19.7,16.0,0.78,Americas,MFrenchG,mfrenchg,191.18,3200.0,1.0,MoistMangrove,2,100,45
21.0,20.5,0.78,Americas,MFrenchG,mfrenchg,232.93,3200.0,1.0,MoistMangrove,2,100,45
25.4,20.0,0.78,Americas,MFrenchG,mfrenchg,410.97,3200.0,1.0,MoistMangrove,2,100,45
32.3,24.0,0.78,Americas,MFrenchG,mfrenchg,852.03,3200.0,1.0,MoistMangrove,2,100,45
42.0,26.0,0.78,Americas,MFrenchG,mfrenchg,1543.65,3200.0,1.0,MoistMangrove,2,100,45
5.0,9.0,0.61,Americas,MFrenchG,mfrenchg,7.25,3200.0,1.0,MoistMangrove,2,100,40
5.3,8.0,0.61,Americas,MFrenchG,mfrenchg,7.89,3200.0,1.0,MoistMangrove,2,100,40
5.4,10.0,0.61,Americas,MFrenchG,mfrenchg,6.78,3200.0,1.0,MoistMangrove,2,100,40
6.0,10.9,0.61,Americas,MFrenchG,mfrenchg,11.0,3200.0,1.0,MoistMangrove,2,100,40
6.7,10.5,0.61,Americas,MFrenchG,mfrenchg,9.73,3200.0,1.0,MoistMangrove,2,100,40
7.0,11.6,0.61,Americas,MFrenchG,mfrenchg,15.16,3200.0,1.0,MoistMangrove,2,100,40
7.4,11.9,0.61,Americas,MFrenchG,mfrenchg,19.11,3200.0,1.0,MoistMangrove,2,100,40
8.1,11.2,0.61,Americas,MFrenchG,mfrenchg,22.13,3200.0,1.0,MoistMangrove,2,100,40
9.6,12.2,0.61,Americas,MFrenchG,mfrenchg,27.56,3200.0,1.0,MoistMangrove,2,100,40
9.2,11.2,0.93,Americas,MFrenchG,mfrenchg,96.56,3200.0,1.0,MoistMangrove,2,100,48
23.3,19.0,0.93,Americas,MFrenchG,mfrenchg,466.9,3200.0,1.0,MoistMangrove,2,100,48
32.0,20.0,0.93,Americas,MFrenchG,mfrenchg,1036.56,3200.0,1.0,MoistMangrove,2,100,48
6.7,8.7,0.78,Americas,MGuadel,mguadel,12.2,1800.0,1.0,MoistMangrove,4,0,45
6.9,8.3,0.78,Americas,MGuadel,mguadel,10.0,1800.0,1.0,MoistMangrove,4,0,45
8.1,9.1,0.78,Americas,MGuadel,mguadel,23.7,1800.0,1.0,MoistMangrove,4,0,45
8.7,9.9,0.78,Americas,MGuadel,mguadel,22.8,1800.0,1.0,MoistMangrove,4,0,45
9.0,9.6,0.78,Americas,MGuadel,mguadel,24.4,1800.0,1.0,MoistMangrove,4,0,45
11.7,14.7,0.78,Americas,MGuadel,mguadel,57.4,1800.0,1.0,MoistMangrove,4,0,45
13.9,12.8,0.78,Americas,MGuadel,mguadel,67.1,1800.0,1.0,MoistMangrove,4,0,45
14.3,11.4,0.78,Americas,MGuadel,mguadel,62.5,1800.0,1.0,MoistMangrove,4,0,45
15.5,13.6,0.78,Americas,MGuadel,mguadel,103.0,1800.0,1.0,MoistMangrove,4,0,45
15.9,16.3,0.78,Americas,MGuadel,mguadel,147.2,1800.0,1.0,MoistMangrove,4,0,45
18.1,14.3,0.78,Americas,MGuadel,mguadel,102.4,1800.0,1.0,MoistMangrove,4,0,45
18.8,14.1,0.78,Americas,MGuadel,mguadel,154.3,1800.0,1.0,MoistMangrove,4,0,45
20.4,15.5,0.78,Americas,MGuadel,mguadel,215.6,1800.0,1.0,MoistMangrove,4,0,45
20.8,11.6,0.78,Americas,MGuadel,mguadel,213.3,1800.0,1.0,MoistMangrove,4,0,45
23.6,18.1,0.78,Americas,MGuadel,mguadel,360.4,1800.0,1.0,MoistMangrove,4,0,45
25.0,16.6,0.78,Americas,MGuadel,mguadel,313.6,1800.0,1.0,MoistMangrove,4,0,45
26.4,16.1,0.78,Americas,MGuadel,mguadel,373.9,1800.0,1.0,MoistMangrove,4,0,45
27.2,15.2,0.78,Americas,MGuadel,mguadel,447.2,1800.0,1.0,MoistMangrove,4,0,45
27.3,16.1,0.78,Americas,MGuadel,mguadel,376.6,1800.0,1.0,MoistMangrove,4,0,45
28.1,16.2,0.78,Americas,MGuadel,mguadel,416.0,1800.0,1.0,MoistMangrove,4,0,45
40.7,15.3,0.78,Americas,MGuadel,mguadel,1145.8,1800.0,1.0,MoistMangrove,4,0,45
7.7,10.4,0.61,Americas,MGuadel,mguadel,16.6,1800.0,1.0,MoistMangrove,4,0,40
8.4,11.7,0.61,Americas,MGuadel,mguadel,26.0,1800.0,1.0,MoistMangrove,4,0,40
9.0,12.6,0.61,Americas,MGuadel,mguadel,30.3,1800.0,1.0,MoistMangrove,4,0,40
9.3,13.7,0.61,Americas,MGuadel,mguadel,34.2,1800.0,1.0,MoistMangrove,4,0,40
11.5,15.4,0.61,Americas,MGuadel,mguadel,49.4,1800.0,1.0,MoistMangrove,4,0,40
11.5,15.0,0.61,Americas,MGuadel,mguadel,48.4,1800.0,1.0,MoistMangrove,4,0,40
12.4,15.0,0.61,Americas,MGuadel,mguadel,60.4,1800.0,1.0,MoistMangrove,4,0,40
14.8,14.5,0.61,Americas,MGuadel,mguadel,86.2,1800.0,1.0,MoistMangrove,4,0,40
15.8,15.0,0.61,Americas,MGuadel,mguadel,77.1,1800.0,1.0,MoistMangrove,4,0,40
16.7,13.3,0.61,Americas,MGuadel,mguadel,133.4,1800.0,1.0,MoistMangrove,4,0,40
18.0,16.0,0.61,Americas,MGuadel,mguadel,126.6,1800.0,1.0,MoistMangrove,4,0,40
19.5,16.3,0.61,Americas,MGuadel,mguadel,183.3,1800.0,1.0,MoistMangrove,4,0,40
20.1,15.9,0.61,Americas,MGuadel,mguadel,163.5,1800.0,1.0,MoistMangrove,4,0,40
20.2,13.9,0.61,Americas,MGuadel,mguadel,206.9,1800.0,1.0,MoistMangrove,4,0,40
21.2,17.3,0.61,Americas,MGuadel,mguadel,224.1,1800.0,1.0,MoistMangrove,4,0,40
21.9,13.8,0.61,Americas,MGuadel,mguadel,199.7,1800.0,1.0,MoistMangrove,4,0,40
25.9,15.7,0.61,Americas,MGuadel,mguadel,223.4,1800.0,1.0,MoistMangrove,4,0,40
6.6,9.5,0.93,Americas,MGuadel,mguadel,21.8,1800.0,1.0,MoistMangrove,4,0,48
7.3,9.3,0.93,Americas,MGuadel,mguadel,18.6,1800.0,1.0,MoistMangrove,4,0,48
7.4,8.7,0.93,Americas,MGuadel,mguadel,22.9,1800.0,1.0,MoistMangrove,4,0,48
9.6,10.3,0.93,Americas,MGuadel,mguadel,39.6,1800.0,1.0,MoistMangrove,4,0,48
9.7,10.5,0.93,Americas,MGuadel,mguadel,60.9,1800.0,1.0,MoistMangrove,4,0,48
10.7,12.6,0.93,Americas,MGuadel,mguadel,56.0,1800.0,1.0,MoistMangrove,4,0,48
11.5,13.7,0.93,Americas,MGuadel,mguadel,78.4,1800.0,1.0,MoistMangrove,4,0,48
12.2,14.5,0.93,Americas,MGuadel,mguadel,82.6,1800.0,1.0,MoistMangrove,4,0,48
12.4,14.1,0.93,Americas,MGuadel,mguadel,124.5,1800.0,1.0,MoistMangrove,4,0,48
14.0,12.1,0.93,Americas,MGuadel,mguadel,157.7,1800.0,1.0,MoistMangrove,4,0,48
15.7,15.6,0.93,Americas,MGuadel,mguadel,172.1,1800.0,1.0,MoistMangrove,4,0,48
16.4,13.6,0.93,Americas,MGuadel,mguadel,173.1,1800.0,1.0,MoistMangrove,4,0,48
17.9,13.3,0.93,Americas,MGuadel,mguadel,188.1,1800.0,1.0,MoistMangrove,4,0,48
19.7,13.0,0.93,Americas,MGuadel,mguadel,214.0,1800.0,1.0,MoistMangrove,4,0,48
20.1,13.8,0.93,Americas,MGuadel,mguadel,276.4,1800.0,1.0,MoistMangrove,4,0,48
22.3,15.1,0.93,Americas,MGuadel,mguadel,531.5,1800.0,1.0,MoistMangrove,4,0,48
23.2,16.0,0.93,Americas,MGuadel,mguadel,353.1,1800.0,1.0,MoistMangrove,4,0,48
10.6,11.1,0.66,Asia,Moluccas,moluccas,37.3,,,,,,43
10.4,13.3,0.72,Asia,Moluccas,moluccas,65.0,,,,,,34
10.6,15.9,0.72,Asia,Moluccas,moluccas,76.4,,,,,,34
11.7,14.6,0.72,Asia,Moluccas,moluccas,106.4,,,,,,34
13.2,15.6,0.72,Asia,Moluccas,moluccas,148.2,,,,,,34
13.8,15.4,0.72,Asia,Moluccas,moluccas,157.9,,,,,,34
17.2,15.7,0.72,Asia,Moluccas,moluccas,284.4,,,,,,34
13.0,16.8,0.33,Asia,Moluccas,moluccas,60.0,,,,,,58
14.4,14.8,0.58,Asia,Moluccas,moluccas,144.5,,,,,,12
12.3,13.2,0.66,Asia,Moluccas,moluccas,76.1,,,,,,43
23.5,23.6,0.73,Asia,Moluccas,moluccas,530.6,,,,,,33
17.4,14.5,0.44,Asia,Moluccas,moluccas,118.3,,,,,,21
13.7,12.3,0.59,Asia,Moluccas,moluccas,102.1,,,,,,36
15.6,10.3,0.59,Asia,Moluccas,moluccas,115.1,,,,,,36
17.0,13.8,0.59,Asia,Moluccas,moluccas,131.2,,,,,,36
19.2,12.0,0.59,Asia,Moluccas,moluccas,126.0,,,,,,36
22.2,15.8,0.59,Asia,Moluccas,moluccas,263.8,,,,,,36
24.8,16.6,0.59,Asia,Moluccas,moluccas,358.1,,,,,,36
28.3,15.9,0.59,Asia,Moluccas,moluccas,461.8,,,,,,36
17.1,16.7,0.32,Asia,Moluccas,moluccas,83.5,,,,,,17
19.4,17.6,0.32,Asia,Moluccas,moluccas,110.4,,,,,,17
29.8,21.1,0.32,Asia,Moluccas,moluccas,289.1,,,,,,17
36.5,19.5,0.32,Asia,Moluccas,moluccas,389.7,,,,,,17
41.7,22.3,0.32,Asia,Moluccas,moluccas,691.3,,,,,,17
14.1,15.0,0.56,Asia,Moluccas,moluccas,142.3,,,,,,5
22.5,12.2,0.66,Africa,Mozambique,mozambique,236.16,,,,,,43
28.0,12.0,0.72,Africa,Mozambique,mozambique,323.15,,,,,,34
30.7,10.0,0.65,Africa,Mozambique,mozambique,385.3,,,,,,37
46.0,16.0,0.63,Africa,Mozambique,mozambique,1245.5,,,,,,4
63.2,20.0,0.63,Africa,Mozambique,mozambique,2174.2,,,,,,4
32.3,17.4,0.71,Africa,Mozambique,mozambique,961.49,,,,,,49
44.0,17.0,0.65,Africa,Mozambique,mozambique,1240.37,,,,,,37
60.0,18.3,0.65,Africa,Mozambique,mozambique,1863.89,,,,,,37
72.0,23.0,0.7,Africa,Mozambique,mozambique,6953.84,,,,,,39
5.0,5.2,0.61,Africa,Mozambique,mozambique,4.12,,,,,,40
6.0,5.2,0.58,Africa,Mozambique,mozambique,5.96,,,,,,12
14.5,6.0,0.63,Africa,Mozambique,mozambique,50.48,,,,,,4
28.0,12.0,0.64,Africa,Mozambique,mozambique,295.85,,,,,,38
18.6,7.8,0.63,Africa,Mozambique,mozambique,107.86,,,,,,4
6.0,4.7,0.6,Africa,Mozambique,mozambique,4.9,,,,,,14
10.6,5.5,0.62,Africa,Mozambique,mozambique,36.15,,,,,,35
13.4,6.0,0.61,Africa,Mozambique,mozambique,18.65,,,,,,40
16.0,7.0,0.72,Africa,Mozambique,mozambique,37.65,,,,,,34
16.0,7.0,0.6,Africa,Mozambique,mozambique,47.56,,,,,,14
18.0,7.9,0.61,Africa,Mozambique,mozambique,56.56,,,,,,40
18.2,7.8,0.61,Africa,Mozambique,mozambique,61.72,,,,,,40
18.5,5.0,0.62,Africa,Mozambique,mozambique,102.66,,,,,,35
17.2,11.5,0.69,Africa,Mozambique,mozambique,114.65,,,,,,32
30.0,14.0,0.74,Africa,Mozambique,mozambique,588.53,,,,,,30
37.0,13.0,0.66,Africa,Mozambique,mozambique,843.58,,,,,,43
42.0,17.5,0.73,Africa,Mozambique,mozambique,1440.67,,,,,,33
13.5,5.0,0.61,Africa,Mozambique,mozambique,24.55,,,,,,40
5.0,5.0,0.73,Africa,Mozambique,mozambique,19.53,,,,,,33
15.9,15.0,0.49,Asia,NewGuinea,newguinea,49.5,3936.0,1.0,Wet,0,2450,24
34.1,23.0,0.51,Asia,NewGuinea,newguinea,872.3,3936.0,1.0,Wet,0,2450,10
20.1,23.0,0.55,Asia,NewGuinea,newguinea,222.8,3936.0,1.0,Wet,0,2450,6
40.1,26.5,0.5,Asia,NewGuinea,newguinea,791.0,3936.0,1.0,Wet,0,2450,13
12.7,15.0,0.42,Asia,NewGuinea,newguinea,45.1,3936.0,1.0,Wet,0,2450,25
16.6,20.0,0.43,Asia,NewGuinea,newguinea,113.8,3936.0,1.0,Wet,0,2450,41
19.4,20.0,0.43,Asia,NewGuinea,newguinea,161.9,3936.0,1.0,Wet,0,2450,41
48.4,28.0,0.56,Asia,NewGuinea,newguinea,1047.3,3936.0,1.0,Wet,0,2450,5
15.3,9.0,0.6,Asia,NewGuinea,newguinea,59.9,3936.0,1.0,Wet,0,2450,14
28.6,26.8,0.46,Asia,NewGuinea,newguinea,430.0,3936.0,1.0,Wet,0,2450,27
54.1,26.0,0.46,Asia,NewGuinea,newguinea,1843.7,3936.0,1.0,Wet,0,2450,27
10.0,15.5,0.44,Asia,NewGuinea,newguinea,15.8,3936.0,1.0,Wet,0,2450,21
17.5,21.0,0.46,Asia,NewGuinea,newguinea,122.3,3936.0,1.0,Wet,0,2450,27
27.1,22.0,0.5,Asia,NewGuinea,newguinea,268.9,3936.0,1.0,Wet,0,2450,13
64.9,37.8,0.53,Asia,NewGuinea,newguinea,1692.7,3936.0,1.0,Wet,0,2450,8
70.0,31.0,0.49,Asia,NewGuinea,newguinea,1706.5,3936.0,1.0,Wet,0,2450,24
17.5,13.0,0.37,Asia,NewGuinea,newguinea,77.4,3936.0,1.0,Wet,0,2450,64
20.4,20.0,0.31,Asia,NewGuinea,newguinea,209.1,3936.0,1.0,Wet,0,2450,44
13.1,13.5,0.54,Asia,NewGuinea,newguinea,60.7,3936.0,1.0,Wet,0,2450,7
14.3,16.4,0.52,Asia,NewGuinea,newguinea,62.1,3936.0,1.0,Wet,0,2450,11
26.1,23.0,0.52,Asia,NewGuinea,newguinea,84.4,3936.0,1.0,Wet,0,2450,11
10.0,12.2,0.65,Asia,NewGuinea,newguinea,25.4,3936.0,1.0,Wet,0,2450,37
13.7,20.0,0.65,Asia,NewGuinea,newguinea,85.3,3936.0,1.0,Wet,0,2450,37
14.6,15.3,0.65,Asia,NewGuinea,newguinea,42.9,3936.0,1.0,Wet,0,2450,37
16.2,21.0,0.65,Asia,NewGuinea,newguinea,141.2,3936.0,1.0,Wet,0,2450,37
31.8,28.0,0.65,Asia,NewGuinea,newguinea,598.0,3936.0,1.0,Wet,0,2450,37
33.1,28.9,0.65,Asia,NewGuinea,newguinea,1158.0,3936.0,1.0,Wet,0,2450,37
36.9,31.8,0.65,Asia,NewGuinea,newguinea,1226.0,3936.0,1.0,Wet,0,2450,37
20.1,19.0,0.49,Asia,NewGuinea,newguinea,121.4,3936.0,1.0,Wet,0,2450,24
78.0,34.0,0.43,Asia,NewGuinea,newguinea,3903.0,3936.0,1.0,Wet,0,2450,41
110.1,35.0,0.4,Asia,NewGuinea,newguinea,6061.6,3936.0,1.0,Wet,0,2450,15
20.7,19.0,0.5,Asia,NewGuinea,newguinea,166.7,3936.0,1.0,Wet,0,2450,13
11.8,15.8,0.43,Asia,NewGuinea,newguinea,63.5,3936.0,1.0,Wet,0,2450,41
18.1,21.0,0.44,Asia,NewGuinea,newguinea,230.3,3936.0,1.0,Wet,0,2450,21
19.1,18.6,0.43,Asia,NewGuinea,newguinea,151.4,3936.0,1.0,Wet,0,2450,41
21.6,23.0,0.44,Asia,NewGuinea,newguinea,283.5,3936.0,1.0,Wet,0,2450,21
27.7,24.0,0.43,Asia,NewGuinea,newguinea,374.9,3936.0,1.0,Wet,0,2450,41
43.9,28.0,0.44,Asia,NewGuinea,newguinea,1292.9,3936.0,1.0,Wet,0,2450,21
54.1,25.0,0.44,Asia,NewGuinea,newguinea,1457.0,3936.0,1.0,Wet,0,2450,21
14.3,17.0,0.53,Asia,NewGuinea,newguinea,32.6,3936.0,1.0,Wet,0,2450,8
22.0,20.6,0.52,Asia,NewGuinea,newguinea,271.3,3936.0,1.0,Wet,0,2450,11
10.8,10.7,0.49,Asia,NewGuinea,newguinea,15.4,3936.0,1.0,Wet,0,2450,24
10.6,10.6,0.47,Americas,Peru,peru,42.22,,,,,,42
15.1,18.0,0.6,Americas,Peru,peru,145.27,,,,,,14
16.0,16.5,0.71,Americas,Peru,peru,147.93,,,,,,49
18.9,16.2,0.36,Americas,Peru,peru,138.2,,,,,,23
21.5,18.0,0.51,Americas,Peru,peru,165.17,,,,,,10
23.0,25.1,0.62,Americas,Peru,peru,420.85,,,,,,35
23.2,13.9,0.69,Americas,Peru,peru,292.78,,,,,,32
24.1,21.5,0.61,Americas,Peru,peru,473.89,,,,,,40
30.3,23.0,0.84,Americas,Peru,peru,783.21,,,,,,53
32.0,25.1,0.36,Americas,Peru,peru,365.48,,,,,,23
34.9,21.7,0.36,Americas,Peru,peru,527.84,,,,,,23
35.0,23.4,0.65,Americas,Peru,peru,927.56,,,,,,37
39.0,22.6,0.27,Americas,Peru,peru,373.15,,,,,,62
39.7,18.3,0.26,Americas,Peru,peru,147.8,,,,,,67
40.1,24.9,0.5,Americas,Peru,peru,961.7,,,,,,13
41.1,18.5,0.26,Americas,Peru,peru,484.87,,,,,,67
47.5,34.0,0.61,Americas,Peru,peru,2032.59,,,,,,40
50.2,33.4,0.62,Americas,Peru,peru,3001.13,,,,,,35
53.7,37.2,0.66,Americas,Peru,peru,4061.27,,,,,,43
57.7,30.3,0.78,Americas,Peru,peru,3561.99,,,,,,45
58.0,32.9,0.27,Americas,Peru,peru,392.41,,,,,,62
59.7,33.3,0.72,Americas,Peru,peru,4735.75,,,,,,34
62.4,27.0,0.44,Americas,Peru,peru,1975.15,,,,,,21
62.8,27.2,0.59,Americas,Peru,peru,3669.27,,,,,,36
69.2,29.5,0.33,Americas,Peru,peru,2032.46,,,,,,58
75.5,36.0,0.7,Americas,Peru,peru,8947.61,,,,,,39
76.0,33.9,0.58,Americas,Peru,peru,5215.23,,,,,,12
80.8,35.2,0.89,Americas,Peru,peru,12610.39,,,,,,72
80.9,29.7,0.53,Americas,Peru,peru,2226.83,,,,,,8
81.0,42.3,0.78,Americas,Peru,peru,10484.1,,,,,,45
83.9,32.7,0.55,Americas,Peru,peru,7263.6,,,,,,6
85.4,25.0,0.39,Americas,Peru,peru,2514.49,,,,,,19
85.6,50.0,0.53,Americas,Peru,peru,12489.04,,,,,,8
92.6,39.0,0.61,Americas,Peru,peru,10883.38,,,,,,40
93.0,39.8,0.59,Americas,Peru,peru,10164.45,,,,,,36
93.8,41.5,0.71,Americas,Peru,peru,14255.43,,,,,,49
98.0,28.3,0.4,Americas,Peru,peru,4670.99,,,,,,15
98.0,32.0,0.46,Americas,Peru,peru,8182.11,,,,,,27
98.8,34.8,0.78,Americas,Peru,peru,10969.24,,,,,,45
104.5,27.2,0.38,Americas,Peru,peru,7296.73,,,,,,20
105.9,41.5,0.89,Americas,Peru,peru,25342.19,,,,,,72
108.0,30.4,0.86,Americas,Peru,peru,12225.84,,,,,,71
109.0,39.5,0.89,Americas,Peru,peru,28426.58,,,,,,72
110.8,47.5,0.57,Americas,Peru,peru,19916.27,,,,,,9
115.0,27.7,0.13,Americas,Peru,peru,2297.21,,,,,,85
117.2,33.8,0.59,Americas,Peru,peru,15457.91,,,,,,36
129.8,42.1,0.45,Americas,Peru,peru,22979.41,,,,,,28
130.0,46.7,0.63,Americas,Peru,peru,24325.06,,,,,,4
132.0,43.0,0.65,Americas,Peru,peru,38857.36,,,,,,37
158.0,44.1,0.83,Americas,Peru,peru,76063.52,,,,,,1
169.0,41.3,0.54,Americas,Peru,peru,21055.52,,,,,,7
10.9,10.2,0.39,Americas,PuertoRi,puertori,32.59,3500.0,1.0,Wet,1,510,19
5.6,11.0,0.71,Americas,PuertoRi,puertori,7.91,3500.0,1.0,Wet,1,510,49
21.6,19.9,0.71,Americas,PuertoRi,puertori,224.66,3500.0,1.0,Wet,1,510,49
5.1,6.8,0.74,Americas,PuertoRi,puertori,5.3,3500.0,1.0,Wet,1,510,30
5.3,7.6,0.3,Americas,PuertoRi,puertori,2.12,3500.0,1.0,Wet,1,510,60
5.3,9.8,0.3,Americas,PuertoRi,puertori,5.12,3500.0,1.0,Wet,1,510,60
10.9,11.9,0.3,Americas,PuertoRi,puertori,27.3,3500.0,1.0,Wet,1,510,60
7.4,9.1,0.7,Americas,PuertoRi,puertori,11.56,3500.0,1.0,Wet,1,510,39
20.8,12.0,0.59,Americas,PuertoRi,puertori,177.38,3500.0,1.0,Wet,1,510,36
8.6,9.0,0.48,Americas,PuertoRi,puertori,16.44,3500.0,1.0,Wet,1,510,26
19.3,15.3,0.48,Americas,PuertoRi,puertori,168.31,3500.0,1.0,Wet,1,510,26
31.2,16.9,0.48,Americas,PuertoRi,puertori,533.93,3500.0,1.0,Wet,1,510,26
35.6,19.7,0.48,Americas,PuertoRi,puertori,574.32,3500.0,1.0,Wet,1,510,26
45.7,20.7,0.48,Americas,PuertoRi,puertori,755.12,3500.0,1.0,Wet,1,510,26
8.1,8.5,0.58,Americas,PuertoRi,puertori,11.1,3500.0,1.0,Wet,1,510,12
12.9,14.3,0.58,Americas,PuertoRi,puertori,31.03,3500.0,1.0,Wet,1,510,12
6.1,8.4,0.71,Americas,PuertoRi,puertori,14.92,3500.0,1.0,Wet,1,510,49
10.3,8.5,0.9,Americas,PuertoRi,puertori,48.78,3500.0,1.0,Wet,1,510,2
5.7,7.3,0.67,Americas,PuertoRi,puertori,11.71,3500.0,1.0,Wet,1,510,29
7.1,9.7,0.67,Americas,PuertoRi,puertori,17.82,3500.0,1.0,Wet,1,510,29
11.7,15.8,0.58,Americas,PuertoRi,puertori,63.6,3500.0,1.0,Wet,1,510,12
7.6,8.6,0.87,Americas,PuertoRi,puertori,20.11,3500.0,1.0,Wet,1,510,51
17.5,14.3,0.87,Americas,PuertoRi,puertori,201.5,3500.0,1.0,Wet,1,510,51
10.9,14.7,0.75,Americas,PuertoRi,puertori,45.08,3500.0,1.0,Wet,1,510,59
5.6,8.2,0.7,Americas,PuertoRi,puertori,9.1,3500.0,1.0,Wet,1,510,39
18.5,15.3,0.65,Americas,PuertoRi,puertori,189.53,3500.0,1.0,Wet,1,510,37
5.8,8.3,0.46,Americas,PuertoRi,puertori,6.1,3500.0,1.0,Wet,1,510,27
11.2,10.9,0.5,Americas,PuertoRi,puertori,35.21,3500.0,1.0,Wet,1,510,13
19.8,17.5,0.8,Americas,PuertoRi,puertori,252.37,3500.0,1.0,Wet,1,510,55
5.6,6.2,0.57,Americas,PuertoRi,puertori,5.67,3500.0,1.0,Wet,1,510,9
5.4,6.3,0.73,Americas,PuertoRi2,puertori,11.0,,,,,,33
8.1,8.1,0.73,Americas,PuertoRi2,puertori,18.7,,,,,,33
5.4,7.5,0.77,Americas,PuertoRi2,puertori,14.2,,,,,,52
6.4,7.7,0.77,Americas,PuertoRi2,puertori,22.8,,,,,,52
10.3,9.4,0.77,Americas,PuertoRi2,puertori,68.5,,,,,,52
18.5,13.7,0.77,Americas,PuertoRi2,puertori,305.7,,,,,,52
19.7,9.4,0.77,Americas,PuertoRi2,puertori,202.5,,,,,,52
20.7,14.2,0.77,Americas,PuertoRi2,puertori,375.5,,,,,,52
22.5,13.4,0.77,Americas,PuertoRi2,puertori,321.6,,,,,,52
23.2,12.2,0.77,Americas,PuertoRi2,puertori,444.5,,,,,,52
34.5,14.2,0.77,Americas,PuertoRi2,puertori,618.6,,,,,,52
45.0,15.3,0.77,Americas,PuertoRi2,puertori,1104.5,,,,,,52
8.5,6.3,0.31,Americas,PuertoRi2,puertori,15.7,,,,,,44
10.7,10.6,0.31,Americas,PuertoRi2,puertori,20.7,,,,,,44
11.1,5.9,0.31,Americas,PuertoRi2,puertori,20.2,,,,,,44
14.2,9.2,0.31,Americas,PuertoRi2,puertori,43.1,,,,,,44
17.9,7.8,0.31,Americas,PuertoRi2,puertori,61.4,,,,,,44
20.0,11.4,0.31,Americas,PuertoRi2,puertori,73.4,,,,,,44
20.3,7.6,0.31,Americas,PuertoRi2,puertori,65.5,,,,,,44
20.7,10.1,0.31,Americas,PuertoRi2,puertori,110.9,,,,,,44
22.6,7.4,0.31,Americas,PuertoRi2,puertori,64.4,,,,,,44
23.2,7.5,0.31,Americas,PuertoRi2,puertori,146.4,,,,,,44
7.7,4.6,0.73,Americas,PuertoRi2,puertori,15.1,,,,,,33
5.8,6.2,1.1,Americas,PuertoRi2,puertori,13.5,,,,,,86
5.8,7.3,1.15,Americas,PuertoRi2,puertori,19.7,,,,,,87
11.1,6.8,0.92,Americas,SaoPaulo3,saopaulo,34.8,,,,,,3
8.3,6.4,0.51,Americas,SaoPaulo3,saopaulo,15.44,,,,,,10
16.5,11.1,0.51,Americas,SaoPaulo3,saopaulo,87.29,,,,,,10
11.6,4.8,0.59,Americas,SaoPaulo3,saopaulo,32.07,,,,,,36
12.4,8.0,0.59,Americas,SaoPaulo3,saopaulo,31.1,,,,,,36
17.5,10.9,0.59,Americas,SaoPaulo3,saopaulo,99.17,,,,,,36
18.5,10.2,0.59,Americas,SaoPaulo3,saopaulo,130.29,,,,,,36
20.1,12.1,0.59,Americas,SaoPaulo3,saopaulo,113.13,,,,,,36
35.8,14.1,0.59,Americas,SaoPaulo3,saopaulo,550.95,,,,,,36
67.8,18.3,0.59,Americas,SaoPaulo3,saopaulo,2655.71,,,,,,36
8.4,7.7,0.61,Americas,SaoPaulo3,saopaulo,17.58,,,,,,40
8.6,6.9,0.66,Americas,SaoPaulo3,saopaulo,12.2,,,,,,43
15.3,13.5,0.66,Americas,SaoPaulo3,saopaulo,52.13,,,,,,43
16.6,14.3,0.66,Americas,SaoPaulo3,saopaulo,56.13,,,,,,43
18.1,12.8,0.66,Americas,SaoPaulo3,saopaulo,81.84,,,,,,43
35.7,16.8,0.66,Americas,SaoPaulo3,saopaulo,353.42,,,,,,43
36.6,19.5,0.66,Americas,SaoPaulo3,saopaulo,252.58,,,,,,43
41.1,15.4,0.66,Americas,SaoPaulo3,saopaulo,446.48,,,,,,43
10.5,10.3,0.73,Americas,SaoPaulo3,saopaulo,39.21,,,,,,33
5.3,6.7,0.73,Americas,SaoPaulo3,saopaulo,8.42,,,,,,33
10.3,5.7,0.73,Americas,SaoPaulo3,saopaulo,42.02,,,,,,33
13.4,10.5,0.73,Americas,SaoPaulo3,saopaulo,68.34,,,,,,33
19.4,12.7,0.73,Americas,SaoPaulo3,saopaulo,150.79,,,,,,33
63.0,17.8,0.38,Americas,SaoPaulo3,saopaulo,1865.3,,,,,,20
14.8,8.3,0.6,Americas,SaoPaulo3,saopaulo,44.3,,,,,,14
11.8,11.9,0.56,Americas,SaoPaulo3,saopaulo,42.2,,,,,,5
7.8,6.3,0.89,Americas,SaoPaulo3,saopaulo,15.08,,,,,,72
19.1,12.6,0.89,Americas,SaoPaulo3,saopaulo,120.03,,,,,,72
6.7,5.6,0.96,Americas,SaoPaulo3,saopaulo,13.09,,,,,,88
6.0,7.9,0.75,Americas,SaoPaulo3,saopaulo,11.26,,,,,,59
10.7,9.8,0.75,Americas,SaoPaulo3,saopaulo,39.74,,,,,,59
6.3,6.5,0.71,Americas,SaoPaulo3,saopaulo,12.1,,,,,,49
7.2,6.2,0.71,Americas,SaoPaulo3,saopaulo,19.15,,,,,,49
5.4,7.6,0.81,Americas,SaoPaulo3,saopaulo,9.71,,,,,,57
6.7,6.3,0.81,Americas,SaoPaulo3,saopaulo,15.32,,,,,,57
8.3,7.7,0.81,Americas,SaoPaulo3,saopaulo,28.54,,,,,,57
12.1,7.2,0.81,Americas,SaoPaulo3,saopaulo,53.86,,,,,,57
14.3,9.0,0.81,Americas,SaoPaulo3,saopaulo,76.61,,,,,,57
14.7,9.2,0.81,Americas,SaoPaulo3,saopaulo,115.09,,,,,,57
15.9,14.7,0.81,Americas,SaoPaulo3,saopaulo,105.24,,,,,,57
9.2,10.2,0.58,Americas,SaoPaulo3,saopaulo,25.06,,,,,,12
8.3,8.8,0.42,Americas,SaoPaulo3,saopaulo,15.05,,,,,,25
13.8,9.1,0.42,Americas,SaoPaulo3,saopaulo,39.68,,,,,,25
16.2,10.0,0.42,Americas,SaoPaulo3,saopaulo,58.0,,,,,,25
22.3,12.3,0.42,Americas,SaoPaulo3,saopaulo,118.15,,,,,,25
22.9,10.2,0.42,Americas,SaoPaulo3,saopaulo,86.15,,,,,,25
25.1,11.7,0.42,Americas,SaoPaulo3,saopaulo,132.41,,,,,,25
26.7,12.3,0.42,Americas,SaoPaulo3,saopaulo,190.82,,,,,,25
8.0,6.6,0.39,Americas,SaoPaulo3,saopaulo,7.49,,,,,,19
8.8,6.5,0.39,Americas,SaoPaulo3,saopaulo,11.35,,,,,,19
9.5,6.2,0.39,Americas,SaoPaulo3,saopaulo,12.11,,,,,,19
12.1,8.1,0.39,Americas,SaoPaulo3,saopaulo,32.61,,,,,,19
12.7,7.4,0.39,Americas,SaoPaulo3,saopaulo,21.24,,,,,,19
13.1,9.7,0.39,Americas,SaoPaulo3,saopaulo,33.57,,,,,,19
14.6,12.1,0.39,Americas,SaoPaulo3,saopaulo,53.69,,,,,,19
15.3,8.4,0.39,Americas,SaoPaulo3,saopaulo,41.56,,,,,,19
16.9,10.3,0.39,Americas,SaoPaulo3,saopaulo,69.09,,,,,,19
17.2,12.0,0.39,Americas,SaoPaulo3,saopaulo,42.13,,,,,,19
17.2,9.9,0.39,Americas,SaoPaulo3,saopaulo,59.15,,,,,,19
18.6,9.8,0.39,Americas,SaoPaulo3,saopaulo,70.38,,,,,,19
18.6,11.9,0.39,Americas,SaoPaulo3,saopaulo,105.07,,,,,,19
19.1,10.6,0.39,Americas,SaoPaulo3,saopaulo,80.23,,,,,,19
20.8,12.1,0.39,Americas,SaoPaulo3,saopaulo,109.13,,,,,,19
22.3,12.9,0.39,Americas,SaoPaulo3,saopaulo,117.87,,,,,,19
22.6,10.6,0.39,Americas,SaoPaulo3,saopaulo,110.52,,,,,,19
23.9,11.6,0.39,Americas,SaoPaulo3,saopaulo,102.06,,,,,,19
27.7,12.3,0.39,Americas,SaoPaulo3,saopaulo,147.78,,,,,,19
29.3,18.3,0.39,Americas,SaoPaulo3,saopaulo,150.34,,,,,,19
31.2,12.3,0.39,Americas,SaoPaulo3,saopaulo,151.69,,,,,,19
11.3,10.4,0.46,Americas,SaoPaulo3,saopaulo,31.03,,,,,,27
19.7,13.6,0.46,Americas,SaoPaulo3,saopaulo,130.95,,,,,,27
25.9,13.9,0.46,Americas,SaoPaulo3,saopaulo,263.33,,,,,,27
43.9,15.2,0.46,Americas,SaoPaulo3,saopaulo,829.33,,,,,,27
7.3,4.6,1.05,Americas,SaoPaulo3,saopaulo,21.16,,,,,,89
8.4,7.0,1.05,Americas,SaoPaulo3,saopaulo,24.23,,,,,,89
16.3,20.0,0.65,Asia,Sarawak,sarawak,163.54,,,,,,37
11.6,15.0,0.54,Asia,Sarawak,sarawak,45.17,,,,,,7
14.7,16.0,0.54,Asia,Sarawak,sarawak,82.82,,,,,,7
5.2,6.0,0.66,Asia,Sarawak,sarawak,6.07,,,,,,43
6.4,9.0,0.66,Asia,Sarawak,sarawak,9.6,,,,,,43
21.0,25.0,0.74,Asia,Sarawak,sarawak,194.69,,,,,,30
29.3,35.0,0.34,Asia,Sarawak,sarawak,279.09,,,,,,18
20.3,25.0,0.41,Asia,Sarawak,sarawak,132.95,,,,,,22
27.3,30.0,0.43,Asia,Sarawak,sarawak,446.01,,,,,,41
9.5,15.0,0.38,Asia,Sarawak,sarawak,21.74,,,,,,20
12.0,13.0,0.38,Asia,Sarawak,sarawak,36.72,,,,,,20
8.3,10.0,0.56,Asia,Sarawak,sarawak,14.33,,,,,,5
24.6,30.0,0.58,Asia,Sarawak,sarawak,393.81,,,,,,12
18.3,25.0,0.57,Asia,Sarawak,sarawak,136.94,,,,,,9
27.8,30.0,0.41,Asia,Sarawak,sarawak,304.57,,,,,,22
9.0,9.8,0.32,Asia,Sarawak,sarawak,16.8,,,,,,17
20.7,25.0,0.56,Asia,Sarawak,sarawak,178.74,,,,,,5
24.5,30.0,0.56,Asia,Sarawak,sarawak,277.58,,,,,,5
10.3,12.0,0.62,Asia,Sarawak,sarawak,42.63,,,,,,35
30.9,35.0,0.81,Asia,Sarawak,sarawak,535.29,,,,,,57
44.1,40.0,0.57,Asia,Sarawak,sarawak,1443.96,,,,,,9
5.4,3.6,0.9,Africa,SouthAfrica,southafrica,1.87,,,,,,2
7.0,3.6,0.9,Africa,SouthAfrica,southafrica,7.34,,,,,,2
8.9,3.0,0.9,Africa,SouthAfrica,southafrica,10.69,,,,,,2
12.8,5.5,0.9,Africa,SouthAfrica,southafrica,31.27,,,,,,2
15.0,8.0,0.9,Africa,SouthAfrica,southafrica,52.36,,,,,,2
15.9,7.0,0.9,Africa,SouthAfrica,southafrica,60.83,,,,,,2
18.8,6.6,0.9,Africa,SouthAfrica,southafrica,56.5,,,,,,2
22.6,6.8,0.9,Africa,SouthAfrica,southafrica,114.53,,,,,,2
24.2,8.0,0.9,Africa,SouthAfrica,southafrica,321.19,,,,,,2
36.0,9.3,0.93,Africa,SouthAfrica,southafrica,666.73,,,,,,48
70.0,15.5,0.91,Africa,SouthAfrica,southafrica,3890.36,,,,,,46
79.3,13.3,0.87,Africa,SouthAfrica,southafrica,4538.06,,,,,,51
5.0,4.7,0.84,Africa,SouthAfrica,southafrica,10.9,,,,,,53
5.0,2.9,0.84,Africa,SouthAfrica,southafrica,7.36,,,,,,53
5.0,2.4,0.84,Africa,SouthAfrica,southafrica,3.43,,,,,,53
5.0,3.5,0.84,Africa,SouthAfrica,southafrica,2.98,,,,,,53
5.0,3.1,0.84,Africa,SouthAfrica,southafrica,2.45,,,,,,53
5.0,2.5,0.84,Africa,SouthAfrica,southafrica,2.35,,,,,,53
5.0,2.4,0.84,Africa,SouthAfrica,southafrica,2.28,,,,,,53
5.0,2.9,0.84,Africa,SouthAfrica,southafrica,1.4,,,,,,53
5.1,3.0,0.84,Africa,SouthAfrica,southafrica,4.98,,,,,,53
5.1,2.8,0.84,Africa,SouthAfrica,southafrica,2.7,,,,,,53
5.2,4.1,0.84,Africa,SouthAfrica,southafrica,3.66,,,,,,53
5.2,2.7,0.84,Africa,SouthAfrica,southafrica,3.47,,,,,,53
5.2,3.4,0.84,Africa,SouthAfrica,southafrica,3.41,,,,,,53
5.2,3.1,0.84,Africa,SouthAfrica,southafrica,3.21,,,,,,53
5.2,2.2,0.84,Africa,SouthAfrica,southafrica,2.59,,,,,,53
5.3,3.8,0.84,Africa,SouthAfrica,southafrica,4.31,,,,,,53
5.3,3.3,0.84,Africa,SouthAfrica,southafrica,3.41,,,,,,53
5.3,2.9,0.84,Africa,SouthAfrica,southafrica,3.31,,,,,,53
5.3,2.8,0.84,Africa,SouthAfrica,southafrica,3.31,,,,,,53
5.4,3.1,0.84,Africa,SouthAfrica,southafrica,8.28,,,,,,53
5.4,4.0,0.84,Africa,SouthAfrica,southafrica,7.14,,,,,,53
5.4,3.3,0.84,Africa,SouthAfrica,southafrica,5.19,,,,,,53
5.4,4.0,0.84,Africa,SouthAfrica,southafrica,4.63,,,,,,53
5.4,4.0,0.84,Africa,SouthAfrica,southafrica,3.31,,,,,,53
5.4,2.9,0.84,Africa,SouthAfrica,southafrica,3.32,,,,,,53
5.4,2.7,0.84,Africa,SouthAfrica,southafrica,3.16,,,,,,53
5.5,3.5,0.84,Africa,SouthAfrica,southafrica,6.76,,,,,,53
5.5,3.3,0.84,Africa,SouthAfrica,southafrica,6.22,,,,,,53
5.5,2.7,0.84,Africa,SouthAfrica,southafrica,5.5,,,,,,53
5.5,4.1,0.84,Africa,SouthAfrica,southafrica,4.97,,,,,,53
5.5,3.8,0.84,Africa,SouthAfrica,southafrica,4.62,,,,,,53
5.5,3.0,0.84,Africa,SouthAfrica,southafrica,3.82,,,,,,53
5.5,4.6,0.84,Africa,SouthAfrica,southafrica,3.35,,,,,,53
5.5,3.1,0.84,Africa,SouthAfrica,southafrica,2.83,,,,,,53
5.5,2.6,0.84,Africa,SouthAfrica,southafrica,2.69,,,,,,53
5.7,3.4,0.84,Africa,SouthAfrica,southafrica,3.74,,,,,,53
5.8,3.1,0.84,Africa,SouthAfrica,southafrica,5.41,,,,,,53
5.8,3.9,0.84,Africa,SouthAfrica,southafrica,4.72,,,,,,53
5.8,3.1,0.84,Africa,SouthAfrica,southafrica,3.97,,,,,,53
5.8,3.3,0.84,Africa,SouthAfrica,southafrica,3.52,,,,,,53
5.8,3.6,0.84,Africa,SouthAfrica,southafrica,3.0,,,,,,53
5.9,3.0,0.84,Africa,SouthAfrica,southafrica,6.21,,,,,,53
5.9,4.1,0.84,Africa,SouthAfrica,southafrica,5.59,,,,,,53
5.9,4.0,0.84,Africa,SouthAfrica,southafrica,5.64,,,,,,53
5.9,3.5,0.84,Africa,SouthAfrica,southafrica,4.6,,,,,,53
5.9,2.7,0.84,Africa,SouthAfrica,southafrica,3.43,,,,,,53
5.9,1.8,0.72,Africa,SouthAfrica,southafrica,3.06,,,,,,34
5.9,3.9,0.84,Africa,SouthAfrica,southafrica,2.9,,,,,,53
5.9,2.4,0.84,Africa,SouthAfrica,southafrica,2.81,,,,,,53
6.0,3.2,0.84,Africa,SouthAfrica,southafrica,6.41,,,,,,53
6.0,3.6,0.84,Africa,SouthAfrica,southafrica,6.11,,,,,,53
6.0,3.5,0.84,Africa,SouthAfrica,southafrica,4.27,,,,,,53
6.1,4.2,0.84,Africa,SouthAfrica,southafrica,6.59,,,,,,53
6.1,2.8,0.84,Africa,SouthAfrica,southafrica,3.64,,,,,,53
6.1,2.2,0.84,Africa,SouthAfrica,southafrica,2.53,,,,,,53
6.2,4.2,0.84,Africa,SouthAfrica,southafrica,7.13,,,,,,53
6.2,3.2,0.84,Africa,SouthAfrica,southafrica,6.16,,,,,,53
6.2,2.2,0.84,Africa,SouthAfrica,southafrica,5.51,,,,,,53
6.2,1.4,0.84,Africa,SouthAfrica,southafrica,4.7,,,,,,53
6.2,4.1,0.84,Africa,SouthAfrica,southafrica,4.44,,,,,,53
6.2,1.9,0.84,Africa,SouthAfrica,southafrica,3.07,,,,,,53
6.3,3.9,0.84,Africa,SouthAfrica,southafrica,7.34,,,,,,53
6.3,3.4,0.84,Africa,SouthAfrica,southafrica,6.24,,,,,,53
6.3,4.0,0.84,Africa,SouthAfrica,southafrica,6.15,,,,,,53
6.3,2.4,0.84,Africa,SouthAfrica,southafrica,6.33,,,,,,53
6.3,2.9,0.84,Africa,SouthAfrica,southafrica,4.84,,,,,,53
6.3,3.7,0.84,Africa,SouthAfrica,southafrica,4.38,,,,,,53
6.3,3.5,0.84,Africa,SouthAfrica,southafrica,3.31,,,,,,53
6.4,3.9,0.84,Africa,SouthAfrica,southafrica,6.19,,,,,,53
6.4,3.4,0.84,Africa,SouthAfrica,southafrica,5.83,,,,,,53
6.5,2.9,0.84,Africa,SouthAfrica,southafrica,5.8,,,,,,53
6.5,4.2,0.84,Africa,SouthAfrica,southafrica,4.0,,,,,,53
6.5,4.3,0.84,Africa,SouthAfrica,southafrica,3.52,,,,,,53
6.6,4.1,0.84,Africa,SouthAfrica,southafrica,7.86,,,,,,53
6.6,4.7,0.84,Africa,SouthAfrica,southafrica,5.94,,,,,,53
6.6,4.5,0.84,Africa,SouthAfrica,southafrica,4.01,,,,,,53
6.6,3.3,0.84,Africa,SouthAfrica,southafrica,3.5,,,,,,53
6.7,3.2,0.84,Africa,SouthAfrica,southafrica,7.99,,,,,,53
6.7,2.7,0.84,Africa,SouthAfrica,southafrica,6.76,,,,,,53
6.7,4.1,0.84,Africa,SouthAfrica,southafrica,5.22,,,,,,53
6.7,4.2,0.84,Africa,SouthAfrica,southafrica,5.24,,,,,,53
6.7,4.2,0.84,Africa,SouthAfrica,southafrica,4.62,,,,,,53
6.7,2.7,0.84,Africa,SouthAfrica,southafrica,4.37,,,,,,53
6.7,3.0,0.84,Africa,SouthAfrica,southafrica,4.1,,,,,,53
6.7,2.0,0.84,Africa,SouthAfrica,southafrica,2.04,,,,,,53
6.8,4.2,0.84,Africa,SouthAfrica,southafrica,7.7,,,,,,53
6.8,4.6,0.84,Africa,SouthAfrica,southafrica,7.51,,,,,,53
6.8,3.2,0.84,Africa,SouthAfrica,southafrica,7.16,,,,,,53
6.8,3.7,0.84,Africa,SouthAfrica,southafrica,4.67,,,,,,53
6.8,2.9,0.84,Africa,SouthAfrica,southafrica,4.74,,,,,,53
6.9,2.8,0.84,Africa,SouthAfrica,southafrica,9.97,,,,,,53
6.9,4.6,0.84,Africa,SouthAfrica,southafrica,7.16,,,,,,53
6.9,3.6,0.84,Africa,SouthAfrica,southafrica,7.4,,,,,,53
6.9,3.7,0.84,Africa,SouthAfrica,southafrica,6.53,,,,,,53
7.0,3.5,0.84,Africa,SouthAfrica,southafrica,11.78,,,,,,53
7.0,4.3,0.84,Africa,SouthAfrica,southafrica,9.74,,,,,,53
7.0,4.5,0.84,Africa,SouthAfrica,southafrica,8.08,,,,,,53
7.0,4.6,0.84,Africa,SouthAfrica,southafrica,8.13,,,,,,53
7.0,5.0,0.84,Africa,SouthAfrica,southafrica,7.73,,,,,,53
7.0,3.2,0.75,Africa,SouthAfrica,southafrica,7.31,,,,,,59
7.0,4.3,0.76,Africa,SouthAfrica,southafrica,6.94,,,,,,31
7.0,3.2,0.84,Africa,SouthAfrica,southafrica,6.71,,,,,,53
7.0,3.6,0.84,Africa,SouthAfrica,southafrica,6.22,,,,,,53
7.1,3.0,0.84,Africa,SouthAfrica,southafrica,8.38,,,,,,53
7.2,3.4,0.84,Africa,SouthAfrica,southafrica,8.98,,,,,,53
7.2,2.7,0.84,Africa,SouthAfrica,southafrica,8.12,,,,,,53
7.2,4.3,0.84,Africa,SouthAfrica,southafrica,9.09,,,,,,53
7.2,3.8,0.84,Africa,SouthAfrica,southafrica,8.13,,,,,,53
7.2,3.6,0.84,Africa,SouthAfrica,southafrica,7.91,,,,,,53
7.3,4.6,0.84,Africa,SouthAfrica,southafrica,9.75,,,,,,53
7.3,3.7,0.84,Africa,SouthAfrica,southafrica,8.47,,,,,,53
7.3,3.2,0.84,Africa,SouthAfrica,southafrica,8.92,,,,,,53
7.3,4.6,0.79,Africa,SouthAfrica,southafrica,8.27,,,,,,54
7.3,2.8,0.84,Africa,SouthAfrica,southafrica,5.22,,,,,,53
7.4,4.2,0.84,Africa,SouthAfrica,southafrica,7.84,,,,,,53
7.4,3.4,0.84,Africa,SouthAfrica,southafrica,5.14,,,,,,53
7.5,4.7,0.84,Africa,SouthAfrica,southafrica,11.1,,,,,,53
7.6,4.7,0.84,Africa,SouthAfrica,southafrica,13.76,,,,,,53
7.6,3.4,0.84,Africa,SouthAfrica,southafrica,11.61,,,,,,53
7.6,3.7,0.84,Africa,SouthAfrica,southafrica,9.68,,,,,,53
7.6,4.3,0.84,Africa,SouthAfrica,southafrica,8.95,,,,,,53
7.6,4.0,0.81,Africa,SouthAfrica,southafrica,8.75,,,,,,57
7.6,3.7,0.84,Africa,SouthAfrica,southafrica,7.03,,,,,,53
7.6,3.5,0.84,Africa,SouthAfrica,southafrica,7.74,,,,,,53
7.7,5.0,0.84,Africa,SouthAfrica,southafrica,8.29,,,,,,53
7.7,2.7,0.84,Africa,SouthAfrica,southafrica,6.24,,,,,,53
7.8,5.1,0.84,Africa,SouthAfrica,southafrica,11.54,,,,,,53
7.8,4.6,0.84,Africa,SouthAfrica,southafrica,9.25,,,,,,53
7.8,4.4,0.84,Africa,SouthAfrica,southafrica,7.81,,,,,,53
7.8,4.3,0.84,Africa,SouthAfrica,southafrica,7.43,,,,,,53
7.8,2.9,0.84,Africa,SouthAfrica,southafrica,4.54,,,,,,53
7.9,3.7,0.84,Africa,SouthAfrica,southafrica,15.26,,,,,,53
7.9,4.0,0.84,Africa,SouthAfrica,southafrica,5.71,,,,,,53
8.0,4.4,0.84,Africa,SouthAfrica,southafrica,9.45,,,,,,53
8.0,3.3,0.85,Africa,SouthAfrica,southafrica,9.27,,,,,,47
8.0,3.9,0.84,Africa,SouthAfrica,southafrica,8.48,,,,,,53
8.0,5.0,0.84,Africa,SouthAfrica,southafrica,6.71,,,,,,53
8.1,3.5,0.84,Africa,SouthAfrica,southafrica,11.22,,,,,,53
8.1,3.7,0.84,Africa,SouthAfrica,southafrica,9.83,,,,,,53
8.1,4.9,0.84,Africa,SouthAfrica,southafrica,5.18,,,,,,53
8.2,4.1,0.84,Africa,SouthAfrica,southafrica,14.54,,,,,,53
8.2,4.1,0.84,Africa,SouthAfrica,southafrica,11.92,,,,,,53
8.2,4.3,0.84,Africa,SouthAfrica,southafrica,10.55,,,,,,53
8.2,3.5,0.84,Africa,SouthAfrica,southafrica,9.33,,,,,,53
8.2,4.4,0.84,Africa,SouthAfrica,southafrica,8.71,,,,,,53
8.3,4.6,0.84,Africa,SouthAfrica,southafrica,26.07,,,,,,53
8.3,3.3,0.84,Africa,SouthAfrica,southafrica,13.08,,,,,,53
8.3,2.9,0.84,Africa,SouthAfrica,southafrica,3.31,,,,,,53
8.4,4.4,0.84,Africa,SouthAfrica,southafrica,15.13,,,,,,53
8.4,4.1,0.84,Africa,SouthAfrica,southafrica,15.3,,,,,,53
8.4,3.6,0.84,Africa,SouthAfrica,southafrica,15.18,,,,,,53
8.8,4.2,0.84,Africa,SouthAfrica,southafrica,12.34,,,,,,53
8.9,3.1,0.84,Africa,SouthAfrica,southafrica,5.84,,,,,,53
9.1,6.2,0.84,Africa,SouthAfrica,southafrica,17.85,,,,,,53
9.4,4.8,0.84,Africa,SouthAfrica,southafrica,18.62,,,,,,53
9.5,4.0,0.84,Africa,SouthAfrica,southafrica,15.61,,,,,,53
9.5,3.8,0.84,Africa,SouthAfrica,southafrica,15.14,,,,,,53
9.6,6.2,0.84,Africa,SouthAfrica,southafrica,17.39,,,,,,53
9.7,3.1,0.84,Africa,SouthAfrica,southafrica,12.39,,,,,,53
9.8,4.7,0.84,Africa,SouthAfrica,southafrica,14.84,,,,,,53
9.8,4.2,0.84,Africa,SouthAfrica,southafrica,9.98,,,,,,53
9.9,4.1,0.84,Africa,SouthAfrica,southafrica,21.29,,,,,,53
9.9,3.6,0.84,Africa,SouthAfrica,southafrica,18.44,,,,,,53
9.9,4.1,0.84,Africa,SouthAfrica,southafrica,13.45,,,,,,53
10.0,2.5,0.84,Africa,SouthAfrica,southafrica,11.72,,,,,,53
10.1,4.8,0.84,Africa,SouthAfrica,southafrica,27.19,,,,,,53
10.2,4.6,0.84,Africa,SouthAfrica,southafrica,15.15,,,,,,53
10.5,4.9,0.84,Africa,SouthAfrica,southafrica,39.7,,,,,,53
10.5,5.0,0.84,Africa,SouthAfrica,southafrica,28.22,,,,,,53
10.8,5.1,0.84,Africa,SouthAfrica,southafrica,26.12,,,,,,53
11.0,4.2,0.84,Africa,SouthAfrica,southafrica,21.78,,,,,,53
11.0,5.3,0.84,Africa,SouthAfrica,southafrica,14.53,,,,,,53
12.2,2.2,0.84,Africa,SouthAfrica,southafrica,24.08,,,,,,53
12.5,6.1,0.84,Africa,SouthAfrica,southafrica,28.23,,,,,,53
12.7,4.5,0.84,Africa,SouthAfrica,southafrica,16.25,,,,,,53
12.9,3.8,0.84,Africa,SouthAfrica,southafrica,25.73,,,,,,53
13.4,6.0,0.84,Africa,SouthAfrica,southafrica,137.81,,,,,,53
13.7,5.9,0.84,Africa,SouthAfrica,southafrica,36.37,,,,,,53
13.7,4.8,0.84,Africa,SouthAfrica,southafrica,35.62,,,,,,53
14.0,5.2,0.84,Africa,SouthAfrica,southafrica,41.27,,,,,,53
14.3,5.4,0.84,Africa,SouthAfrica,southafrica,43.4,,,,,,53
14.3,5.3,0.84,Africa,SouthAfrica,southafrica,33.67,,,,,,53
14.3,5.1,0.84,Africa,SouthAfrica,southafrica,24.49,,,,,,53
14.6,3.9,0.84,Africa,SouthAfrica,southafrica,41.4,,,,,,53
15.0,4.0,0.84,Africa,SouthAfrica,southafrica,37.31,,,,,,53
15.0,5.0,0.84,Africa,SouthAfrica,southafrica,34.82,,,,,,53
15.3,4.8,0.84,Africa,SouthAfrica,southafrica,28.56,,,,,,53
15.9,6.7,0.84,Africa,SouthAfrica,southafrica,65.15,,,,,,53
15.9,6.9,0.84,Africa,SouthAfrica,southafrica,61.67,,,,,,53
15.9,6.2,0.84,Africa,SouthAfrica,southafrica,60.73,,,,,,53
15.9,5.3,0.87,Africa,SouthAfrica,southafrica,48.31,,,,,,51
16.2,6.1,0.89,Africa,SouthAfrica,southafrica,65.96,,,,,,72
16.2,6.1,0.84,Africa,SouthAfrica,southafrica,49.28,,,,,,53
16.2,5.0,0.84,Africa,SouthAfrica,southafrica,44.19,,,,,,53
16.6,6.6,0.84,Africa,SouthAfrica,southafrica,61.78,,,,,,53
16.6,5.2,0.84,Africa,SouthAfrica,southafrica,44.54,,,,,,53
16.9,5.7,0.84,Africa,SouthAfrica,southafrica,157.74,,,,,,53
17.2,6.2,0.84,Africa,SouthAfrica,southafrica,49.98,,,,,,53
17.2,6.2,0.86,Africa,SouthAfrica,southafrica,46.76,,,,,,71
17.5,6.3,0.84,Africa,SouthAfrica,southafrica,69.78,,,,,,53
17.5,5.4,0.84,Africa,SouthAfrica,southafrica,64.38,,,,,,53
17.5,4.5,0.84,Africa,SouthAfrica,southafrica,40.01,,,,,,53
18.1,3.1,0.84,Africa,SouthAfrica,southafrica,35.76,,,,,,53
18.5,5.8,0.84,Africa,SouthAfrica,southafrica,110.28,,,,,,53
18.8,6.1,0.92,Africa,SouthAfrica,southafrica,113.93,,,,,,3
19.1,6.3,0.81,Africa,SouthAfrica,southafrica,99.64,,,,,,57
19.1,6.5,0.84,Africa,SouthAfrica,southafrica,84.93,,,,,,53
19.1,7.4,0.84,Africa,SouthAfrica,southafrica,70.7,,,,,,53
19.4,6.2,0.92,Africa,SouthAfrica,southafrica,136.83,,,,,,3
22.0,6.4,0.84,Africa,SouthAfrica,southafrica,80.57,,,,,,53
22.3,7.5,0.87,Africa,SouthAfrica,southafrica,150.72,,,,,,51
22.6,6.2,0.84,Africa,SouthAfrica,southafrica,113.21,,,,,,53
22.9,7.9,0.84,Africa,SouthAfrica,southafrica,103.74,,,,,,53
23.2,5.1,0.89,Africa,SouthAfrica,southafrica,90.63,,,,,,72
23.2,6.7,0.84,Africa,SouthAfrica,southafrica,83.3,,,,,,53
23.9,5.3,0.84,Africa,SouthAfrica,southafrica,83.23,,,,,,53
24.2,4.1,0.84,Africa,SouthAfrica,southafrica,156.73,,,,,,53
24.2,5.8,0.84,Africa,SouthAfrica,southafrica,108.96,,,,,,53
25.1,7.4,1.09,Africa,SouthAfrica,southafrica,202.35,,,,,,90
27.1,7.4,1.04,Africa,SouthAfrica,southafrica,268.12,,,,,,0
27.1,8.1,0.84,Africa,SouthAfrica,southafrica,216.3,,,,,,53
28.0,7.8,0.84,Africa,SouthAfrica,southafrica,206.34,,,,,,53
28.0,6.2,0.84,Africa,SouthAfrica,southafrica,180.56,,,,,,53
30.6,7.7,0.84,Africa,SouthAfrica,southafrica,291.84,,,,,,53
31.2,5.5,0.97,Africa,SouthAfrica,southafrica,250.25,,,,,,91
35.0,7.2,0.84,Africa,SouthAfrica,southafrica,366.65,,,,,,53
5.0,3.3,0.94,Africa,SouthAfrica,southafrica,5.65,,,,,,92
5.0,3.1,0.94,Africa,SouthAfrica,southafrica,5.8,,,,,,92
5.1,4.1,0.94,Africa,SouthAfrica,southafrica,6.03,,,,,,92
5.3,3.9,0.94,Africa,SouthAfrica,southafrica,4.88,,,,,,92
5.3,2.5,0.94,Africa,SouthAfrica,southafrica,4.24,,,,,,92
5.3,3.2,0.94,Africa,SouthAfrica,southafrica,4.64,,,,,,92
5.3,2.8,0.94,Africa,SouthAfrica,southafrica,4.06,,,,,,92
5.4,3.3,0.94,Africa,SouthAfrica,southafrica,5.35,,,,,,92
5.4,3.4,0.94,Africa,SouthAfrica,southafrica,3.83,,,,,,92
5.6,3.5,0.94,Africa,SouthAfrica,southafrica,4.44,,,,,,92
6.0,4.1,0.94,Africa,SouthAfrica,southafrica,7.62,,,,,,92
6.1,3.9,0.94,Africa,SouthAfrica,southafrica,6.99,,,,,,92
6.2,4.1,0.94,Africa,SouthAfrica,southafrica,10.99,,,,,,92
6.2,5.3,0.94,Africa,SouthAfrica,southafrica,9.51,,,,,,92
6.2,3.7,0.94,Africa,SouthAfrica,southafrica,9.18,,,,,,92
6.3,4.4,0.94,Africa,SouthAfrica,southafrica,7.79,,,,,,92
6.4,3.8,0.94,Africa,SouthAfrica,southafrica,6.99,,,,,,92
6.5,3.2,0.94,Africa,SouthAfrica,southafrica,8.26,,,,,,92
6.6,1.8,0.94,Africa,SouthAfrica,southafrica,4.68,,,,,,92
6.7,4.1,0.94,Africa,SouthAfrica,southafrica,8.59,,,,,,92
6.7,3.8,0.94,Africa,SouthAfrica,southafrica,7.45,,,,,,92
6.8,2.7,0.94,Africa,SouthAfrica,southafrica,12.18,,,,,,92
6.8,4.5,0.94,Africa,SouthAfrica,southafrica,10.59,,,,,,92
6.9,4.1,0.94,Africa,SouthAfrica,southafrica,7.02,,,,,,92
7.0,2.7,0.94,Africa,SouthAfrica,southafrica,7.57,,,,,,92
7.0,2.4,0.94,Africa,SouthAfrica,southafrica,6.49,,,,,,92
7.0,2.5,0.94,Africa,SouthAfrica,southafrica,4.47,,,,,,92
7.1,4.4,0.94,Africa,SouthAfrica,southafrica,16.5,,,,,,92
7.1,4.6,0.94,Africa,SouthAfrica,southafrica,10.47,,,,,,92
7.3,3.0,0.94,Africa,SouthAfrica,southafrica,15.29,,,,,,92
7.4,3.0,0.94,Africa,SouthAfrica,southafrica,9.51,,,,,,92
7.4,5.0,0.94,Africa,SouthAfrica,southafrica,10.02,,,,,,92
7.4,4.2,0.94,Africa,SouthAfrica,southafrica,9.47,,,,,,92
7.4,3.5,0.94,Africa,SouthAfrica,southafrica,8.37,,,,,,92
7.5,4.5,0.94,Africa,SouthAfrica,southafrica,13.14,,,,,,92
7.5,4.0,0.94,Africa,SouthAfrica,southafrica,11.86,,,,,,92
7.6,3.0,0.94,Africa,SouthAfrica,southafrica,11.14,,,,,,92
7.6,4.0,0.94,Africa,SouthAfrica,southafrica,8.74,,,,,,92
7.7,3.6,0.94,Africa,SouthAfrica,southafrica,8.71,,,,,,92
7.8,5.1,0.94,Africa,SouthAfrica,southafrica,14.55,,,,,,92
7.8,3.4,0.94,Africa,SouthAfrica,southafrica,7.71,,,,,,92
7.9,5.4,0.94,Africa,SouthAfrica,southafrica,41.45,,,,,,92
7.9,4.5,0.94,Africa,SouthAfrica,southafrica,15.43,,,,,,92
8.0,4.1,0.94,Africa,SouthAfrica,southafrica,13.06,,,,,,92
8.3,4.3,0.94,Africa,SouthAfrica,southafrica,15.13,,,,,,92
8.3,5.3,0.94,Africa,SouthAfrica,southafrica,11.51,,,,,,92
8.3,4.0,0.94,Africa,SouthAfrica,southafrica,10.52,,,,,,92
8.3,3.4,0.94,Africa,SouthAfrica,southafrica,9.06,,,,,,92
8.3,3.5,0.94,Africa,SouthAfrica,southafrica,7.22,,,,,,92
8.4,4.9,0.94,Africa,SouthAfrica,southafrica,16.83,,,,,,92
8.4,1.8,0.94,Africa,SouthAfrica,southafrica,5.33,,,,,,92
8.5,6.6,0.94,Africa,SouthAfrica,southafrica,36.03,,,,,,92
8.5,4.1,0.94,Africa,SouthAfrica,southafrica,16.25,,,,,,92
8.5,3.7,0.84,Africa,SouthAfrica,southafrica,12.7,,,,,,53
8.7,5.2,0.94,Africa,SouthAfrica,southafrica,20.58,,,,,,92
8.9,3.5,0.94,Africa,SouthAfrica,southafrica,16.82,,,,,,92
8.9,3.0,0.94,Africa,SouthAfrica,southafrica,6.19,,,,,,92
9.2,4.3,0.94,Africa,SouthAfrica,southafrica,17.44,,,,,,92
9.4,5.2,0.94,Africa,SouthAfrica,southafrica,17.04,,,,,,92
9.4,7.9,0.94,Africa,SouthAfrica,southafrica,15.52,,,,,,92
9.5,3.9,0.94,Africa,SouthAfrica,southafrica,22.53,,,,,,92
9.5,4.1,0.94,Africa,SouthAfrica,southafrica,9.23,,,,,,92
9.6,4.4,0.94,Africa,SouthAfrica,southafrica,19.68,,,,,,92
9.9,4.3,0.94,Africa,SouthAfrica,southafrica,18.94,,,,,,92
10.1,4.7,0.94,Africa,SouthAfrica,southafrica,26.0,,,,,,92
10.1,5.1,0.94,Africa,SouthAfrica,southafrica,22.02,,,,,,92
10.2,4.8,0.94,Africa,SouthAfrica,southafrica,13.14,,,,,,92
10.5,4.4,0.94,Africa,SouthAfrica,southafrica,21.07,,,,,,92
10.5,3.7,0.94,Africa,SouthAfrica,southafrica,20.67,,,,,,92
10.5,2.9,0.94,Africa,SouthAfrica,southafrica,9.7,,,,,,92
10.6,4.1,0.94,Africa,SouthAfrica,southafrica,11.32,,,,,,92
10.8,3.8,0.94,Africa,SouthAfrica,southafrica,11.16,,,,,,92
11.1,4.4,0.94,Africa,SouthAfrica,southafrica,25.78,,,,,,92
11.4,4.5,0.94,Africa,SouthAfrica,southafrica,28.13,,,,,,92
11.5,5.4,0.94,Africa,SouthAfrica,southafrica,28.44,,,,,,92
12.0,4.5,0.94,Africa,SouthAfrica,southafrica,29.3,,,,,,92
12.1,5.6,0.94,Africa,SouthAfrica,southafrica,26.0,,,,,,92
12.5,4.0,0.94,Africa,SouthAfrica,southafrica,27.63,,,,,,92
13.1,5.4,0.94,Africa,SouthAfrica,southafrica,34.92,,,,,,92
13.4,4.5,0.94,Africa,SouthAfrica,southafrica,35.45,,,,,,92
13.4,4.5,0.94,Africa,SouthAfrica,southafrica,21.89,,,,,,92
13.7,4.8,0.94,Africa,SouthAfrica,southafrica,38.76,,,,,,92
14.6,5.8,0.94,Africa,SouthAfrica,southafrica,47.48,,,,,,92
15.0,4.6,0.94,Africa,SouthAfrica,southafrica,44.27,,,,,,92
15.3,4.4,0.94,Africa,SouthAfrica,southafrica,16.31,,,,,,92
17.5,4.9,0.93,Africa,SouthAfrica,southafrica,75.07,,,,,,48
17.5,6.9,0.94,Africa,SouthAfrica,southafrica,71.02,,,,,,92
17.5,5.5,1.02,Africa,SouthAfrica,southafrica,62.68,,,,,,93
17.8,4.9,1.0,Africa,SouthAfrica,southafrica,77.15,,,,,,94
18.1,4.6,0.94,Africa,SouthAfrica,southafrica,102.04,,,,,,92
25.1,6.5,0.92,Africa,SouthAfrica,southafrica,227.39,,,,,,3
7.2,3.1,0.98,Africa,SouthAfrica,southafrica,4.7,,,,,,68
10.5,4.6,0.98,Africa,SouthAfrica,southafrica,20.93,,,,,,68
19.4,6.2,0.98,Africa,SouthAfrica,southafrica,112.05,,,,,,68
28.6,5.3,1.0,Africa,SouthAfrica,southafrica,399.15,,,,,,94
38.5,8.7,0.97,Africa,SouthAfrica,southafrica,691.58,,,,,,91
5.3,3.4,0.43,Africa,SouthAfrica,southafrica,2.38,,,,,,41
5.3,3.5,0.43,Africa,SouthAfrica,southafrica,1.64,,,,,,41
5.5,2.2,0.43,Africa,SouthAfrica,southafrica,1.24,,,,,,41
5.7,3.5,0.43,Africa,SouthAfrica,southafrica,2.59,,,,,,41
6.1,3.0,0.43,Africa,SouthAfrica,southafrica,2.13,,,,,,41
6.2,3.1,0.43,Africa,SouthAfrica,southafrica,4.25,,,,,,41
6.2,4.3,0.43,Africa,SouthAfrica,southafrica,3.76,,,,,,41
6.2,2.3,0.43,Africa,SouthAfrica,southafrica,2.27,,,,,,41
6.5,3.0,0.43,Africa,SouthAfrica,southafrica,6.5,,,,,,41
7.0,4.3,0.43,Africa,SouthAfrica,southafrica,2.39,,,,,,41
7.2,4.1,0.43,Africa,SouthAfrica,southafrica,3.08,,,,,,41
7.3,3.1,0.43,Africa,SouthAfrica,southafrica,2.76,,,,,,41
7.6,4.2,0.43,Africa,SouthAfrica,southafrica,7.63,,,,,,41
8.4,3.4,0.43,Africa,SouthAfrica,southafrica,2.69,,,,,,41
8.5,4.2,0.43,Africa,SouthAfrica,southafrica,6.61,,,,,,41
8.6,3.2,0.43,Africa,SouthAfrica,southafrica,6.36,,,,,,41
8.7,2.7,0.43,Africa,SouthAfrica,southafrica,5.77,,,,,,41
9.0,4.0,0.43,Africa,SouthAfrica,southafrica,7.73,,,,,,41
9.5,3.4,0.43,Africa,SouthAfrica,southafrica,3.95,,,,,,41
10.3,3.3,0.43,Africa,SouthAfrica,southafrica,9.73,,,,,,41
10.7,5.0,0.43,Africa,SouthAfrica,southafrica,13.75,,,,,,41
10.8,4.8,0.43,Africa,SouthAfrica,southafrica,10.46,,,,,,41
12.1,4.4,0.43,Africa,SouthAfrica,southafrica,11.58,,,,,,41
13.7,5.0,0.43,Africa,SouthAfrica,southafrica,25.89,,,,,,41
16.6,5.4,0.43,Africa,SouthAfrica,southafrica,38.81,,,,,,41
16.6,4.4,0.43,Africa,SouthAfrica,southafrica,20.5,,,,,,41
17.2,3.8,0.43,Africa,SouthAfrica,southafrica,13.65,,,,,,41
18.5,4.5,0.43,Africa,SouthAfrica,southafrica,48.04,,,,,,41
19.1,4.1,0.43,Africa,SouthAfrica,southafrica,40.95,,,,,,41
20.7,5.0,0.43,Africa,SouthAfrica,southafrica,49.3,,,,,,41
21.6,5.2,0.43,Africa,SouthAfrica,southafrica,78.24,,,,,,41
29.3,7.5,0.43,Africa,SouthAfrica,southafrica,201.3,,,,,,41
5.1,3.2,0.6,Africa,SouthAfrica,southafrica,2.16,,,,,,14
5.8,3.7,0.6,Africa,SouthAfrica,southafrica,7.07,,,,,,14
5.9,3.6,0.6,Africa,SouthAfrica,southafrica,3.3,,,,,,14
5.9,3.3,0.6,Africa,SouthAfrica,southafrica,2.79,,,,,,14
6.5,3.2,0.6,Africa,SouthAfrica,southafrica,2.79,,,,,,14
7.1,3.4,0.6,Africa,SouthAfrica,southafrica,3.14,,,,,,14
7.2,3.0,0.6,Africa,SouthAfrica,southafrica,7.07,,,,,,14
7.8,3.8,0.6,Africa,SouthAfrica,southafrica,5.74,,,,,,14
8.6,3.7,0.6,Africa,SouthAfrica,southafrica,8.84,,,,,,14
8.9,3.8,0.6,Africa,SouthAfrica,southafrica,8.45,,,,,,14
9.1,4.0,0.6,Africa,SouthAfrica,southafrica,10.54,,,,,,14
9.7,3.4,0.6,Africa,SouthAfrica,southafrica,7.23,,,,,,14
10.7,5.0,0.6,Africa,SouthAfrica,southafrica,14.54,,,,,,14
11.0,4.3,0.6,Africa,SouthAfrica,southafrica,13.05,,,,,,14
11.5,3.8,0.6,Africa,SouthAfrica,southafrica,13.56,,,,,,14
12.1,4.9,0.6,Africa,SouthAfrica,southafrica,14.74,,,,,,14
12.7,4.2,0.6,Africa,SouthAfrica,southafrica,22.13,,,,,,14
13.2,3.7,0.6,Africa,SouthAfrica,southafrica,24.01,,,,,,14
13.7,5.4,0.6,Africa,SouthAfrica,southafrica,29.55,,,,,,14
16.2,5.2,0.6,Africa,SouthAfrica,southafrica,77.48,,,,,,14
16.9,4.9,0.6,Africa,SouthAfrica,southafrica,37.62,,,,,,14
5.0,3.4,0.73,Africa,SouthAfrica,southafrica,4.16,,,,,,33
5.0,2.4,0.73,Africa,SouthAfrica,southafrica,3.56,,,,,,33
5.1,2.4,0.73,Africa,SouthAfrica,southafrica,2.11,,,,,,33
5.2,2.9,0.73,Africa,SouthAfrica,southafrica,5.63,,,,,,33
5.3,2.4,0.73,Africa,SouthAfrica,southafrica,3.7,,,,,,33
5.3,1.9,0.73,Africa,SouthAfrica,southafrica,2.74,,,,,,33
5.5,1.9,0.73,Africa,SouthAfrica,southafrica,5.08,,,,,,33
5.6,2.4,0.73,Africa,SouthAfrica,southafrica,4.79,,,,,,33
6.0,2.7,0.73,Africa,SouthAfrica,southafrica,8.83,,,,,,33
6.1,3.1,0.73,Africa,SouthAfrica,southafrica,4.11,,,,,,33
6.3,2.9,0.73,Africa,SouthAfrica,southafrica,5.14,,,,,,33
6.3,2.5,0.73,Africa,SouthAfrica,southafrica,4.2,,,,,,33
6.6,2.7,0.73,Africa,SouthAfrica,southafrica,1.72,,,,,,33
7.0,2.8,0.73,Africa,SouthAfrica,southafrica,6.7,,,,,,33
7.0,2.1,0.73,Africa,SouthAfrica,southafrica,3.06,,,,,,33
7.1,2.1,0.73,Africa,SouthAfrica,southafrica,4.07,,,,,,33
7.1,2.2,0.73,Africa,SouthAfrica,southafrica,2.5,,,,,,33
7.4,2.7,0.73,Africa,SouthAfrica,southafrica,2.78,,,,,,33
7.5,2.5,0.73,Africa,SouthAfrica,southafrica,3.8,,,,,,33
7.8,2.1,0.73,Africa,SouthAfrica,southafrica,4.34,,,,,,33
7.9,2.3,0.73,Africa,SouthAfrica,southafrica,5.19,,,,,,33
8.0,3.2,0.73,Africa,SouthAfrica,southafrica,6.9,,,,,,33
8.4,2.0,0.73,Africa,SouthAfrica,southafrica,8.32,,,,,,33
10.9,2.2,0.73,Africa,SouthAfrica,southafrica,13.46,,,,,,33
10.9,2.2,0.73,Africa,SouthAfrica,southafrica,12.83,,,,,,33
5.1,2.2,0.56,Africa,SouthAfrica,southafrica,2.08,,,,,,5
5.8,3.6,0.56,Africa,SouthAfrica,southafrica,2.92,,,,,,5
6.0,2.9,0.56,Africa,SouthAfrica,southafrica,4.41,,,,,,5
6.1,3.8,0.56,Africa,SouthAfrica,southafrica,2.62,,,,,,5
6.3,2.1,0.56,Africa,SouthAfrica,southafrica,3.07,,,,,,5
7.2,3.5,0.56,Africa,SouthAfrica,southafrica,6.54,,,,,,5
7.5,4.3,0.56,Africa,SouthAfrica,southafrica,6.4,,,,,,5
8.0,3.7,0.56,Africa,SouthAfrica,southafrica,7.22,,,,,,5
8.1,3.2,0.56,Africa,SouthAfrica,southafrica,4.7,,,,,,5
8.2,3.5,0.56,Africa,SouthAfrica,southafrica,6.44,,,,,,5
9.8,4.6,0.56,Africa,SouthAfrica,southafrica,21.01,,,,,,5
11.1,4.9,0.53,Africa,SouthAfrica,southafrica,14.18,,,,,,8
12.4,3.7,0.56,Africa,SouthAfrica,southafrica,18.98,,,,,,5
12.4,3.4,0.56,Africa,SouthAfrica,southafrica,16.86,,,,,,5
14.0,3.8,0.62,Africa,SouthAfrica,southafrica,24.25,,,,,,35
15.6,3.8,0.52,Africa,SouthAfrica,southafrica,42.01,,,,,,11
15.6,6.4,0.56,Africa,SouthAfrica,southafrica,30.49,,,,,,5
20.7,7.5,0.56,Africa,SouthAfrica,southafrica,75.56,,,,,,5
24.5,5.7,0.61,Africa,SouthAfrica,southafrica,134.13,,,,,,40
24.8,6.7,0.56,Africa,SouthAfrica,southafrica,187.56,,,,,,5
24.8,6.3,0.56,Africa,SouthAfrica,southafrica,112.35,,,,,,5
40.1,9.3,0.54,Africa,SouthAfrica,southafrica,491.5,,,,,,7
8.6,1.2,0.66,Africa,SouthAfrica,southafrica,7.3,,,,,,43
11.8,3.5,0.67,Africa,SouthAfrica,southafrica,30.61,,,,,,29
14.6,6.0,0.74,Africa,SouthAfrica,southafrica,45.16,,,,,,30
19.4,3.6,0.77,Africa,SouthAfrica,southafrica,24.55,,,,,,52
21.3,8.6,0.93,Africa,SouthAfrica,southafrica,96.46,,,,,,48
22.6,7.9,0.85,Africa,SouthAfrica,southafrica,175.36,,,,,,47
22.9,6.4,0.71,Africa,SouthAfrica,southafrica,148.1,,,,,,49
27.4,7.6,0.76,Africa,SouthAfrica,southafrica,300.1,,,,,,31
8.0,2.6,0.62,Africa,SouthAfrica,southafrica,3.38,,,,,,35
8.0,2.0,0.51,Africa,SouthAfrica,southafrica,3.1,,,,,,10
8.8,4.5,0.51,Africa,SouthAfrica,southafrica,9.31,,,,,,10
11.5,2.3,0.51,Africa,SouthAfrica,southafrica,8.96,,,,,,10
15.0,4.1,0.51,Africa,SouthAfrica,southafrica,9.72,,,,,,10
24.8,4.5,0.45,Africa,SouthAfrica,southafrica,93.15,,,,,,28
26.4,5.5,0.45,Africa,SouthAfrica,southafrica,106.51,,,,,,28
30.9,8.0,0.49,Africa,SouthAfrica,southafrica,136.02,,,,,,24
30.9,5.5,0.45,Africa,SouthAfrica,southafrica,130.38,,,,,,28
35.0,7.0,0.48,Africa,SouthAfrica,southafrica,232.2,,,,,,26
40.7,6.7,0.51,Africa,SouthAfrica,southafrica,313.5,,,,,,10
42.7,6.5,0.65,Africa,SouthAfrica,southafrica,444.36,,,,,,37
57.9,10.1,0.47,Africa,SouthAfrica,southafrica,834.32,,,,,,42
5.1,2.0,0.74,Africa,SouthAfrica,southafrica,1.84,,,,,,30
6.7,2.2,0.9,Africa,SouthAfrica,southafrica,3.92,,,,,,2
8.6,3.3,0.8,Africa,SouthAfrica,southafrica,11.03,,,,,,55
8.6,3.0,0.72,Africa,SouthAfrica,southafrica,9.33,,,,,,34
8.9,3.2,0.75,Africa,SouthAfrica,southafrica,7.44,,,,,,59
9.9,2.2,0.71,Africa,SouthAfrica,southafrica,27.09,,,,,,49
10.5,3.7,0.75,Africa,SouthAfrica,southafrica,26.29,,,,,,59
10.8,3.1,0.79,Africa,SouthAfrica,southafrica,18.41,,,,,,54
11.5,4.3,0.73,Africa,SouthAfrica,southafrica,31.49,,,,,,33
13.4,3.6,0.78,Africa,SouthAfrica,southafrica,40.22,,,,,,45
13.4,3.3,0.73,Africa,SouthAfrica,southafrica,20.08,,,,,,33
22.0,5.4,0.6,Africa,SouthAfrica,southafrica,94.45,,,,,,14
22.3,3.4,0.78,Africa,SouthAfrica,southafrica,82.47,,,,,,45
23.9,5.6,0.76,Africa,SouthAfrica,southafrica,102.08,,,,,,31
69.1,30.4,0.59,Americas,SouthBrazil1,southbrazil,3804.47,,,,,,36
33.5,30.2,0.45,Americas,SouthBrazil1,southbrazil,582.11,,,,,,28
55.1,29.0,0.45,Americas,SouthBrazil1,southbrazil,2893.07,,,,,,28
60.0,34.1,0.45,Americas,SouthBrazil1,southbrazil,3089.5,,,,,,28
16.4,18.2,0.64,Americas,SouthBrazil1,southbrazil,134.39,,,,,,38
13.5,15.0,0.28,Americas,SouthBrazil1,southbrazil,35.57,,,,,,65
16.0,16.9,0.75,Americas,SouthBrazil1,southbrazil,106.38,,,,,,59
16.2,17.6,0.75,Americas,SouthBrazil1,southbrazil,135.19,,,,,,59
7.0,12.2,0.79,Americas,SouthBrazil1,southbrazil,16.44,,,,,,54
8.2,9.0,0.79,Americas,SouthBrazil1,southbrazil,19.45,,,,,,54
11.1,15.1,0.79,Americas,SouthBrazil1,southbrazil,56.27,,,,,,54
12.0,14.1,0.79,Americas,SouthBrazil1,southbrazil,71.59,,,,,,54
13.6,20.9,0.79,Americas,SouthBrazil1,southbrazil,125.11,,,,,,54
33.9,29.0,0.79,Americas,SouthBrazil1,southbrazil,1067.3,,,,,,54
82.4,45.9,0.79,Americas,SouthBrazil1,southbrazil,9879.02,,,,,,54
22.4,20.4,0.53,Americas,SouthBrazil1,southbrazil,297.54,,,,,,8
10.9,15.5,0.64,Americas,SouthBrazil1,southbrazil,40.0,,,,,,38
74.3,35.2,0.64,Americas,SouthBrazil1,southbrazil,6385.74,,,,,,38
7.6,12.0,0.84,Americas,SouthBrazil1,southbrazil,21.62,,,,,,53
7.8,15.7,0.84,Americas,SouthBrazil1,southbrazil,30.03,,,,,,53
13.4,19.4,0.84,Americas,SouthBrazil1,southbrazil,137.12,,,,,,53
17.8,20.4,0.84,Americas,SouthBrazil1,southbrazil,283.12,,,,,,53
6.8,10.5,0.66,Americas,SouthBrazil1,southbrazil,14.55,,,,,,43
11.9,14.8,0.66,Americas,SouthBrazil1,southbrazil,74.51,,,,,,43
12.4,15.2,0.66,Americas,SouthBrazil1,southbrazil,71.66,,,,,,43
13.2,17.0,0.66,Americas,SouthBrazil1,southbrazil,94.61,,,,,,43
13.4,17.1,0.66,Americas,SouthBrazil1,southbrazil,126.28,,,,,,43
45.0,27.9,0.57,Americas,SouthBrazil1,southbrazil,1151.28,,,,,,9
23.6,24.5,0.62,Americas,SouthBrazil1,southbrazil,368.53,,,,,,35
5.8,8.5,0.67,Americas,SouthBrazil1,southbrazil,10.97,,,,,,29
6.2,8.6,0.67,Americas,SouthBrazil1,southbrazil,14.06,,,,,,29
6.8,8.8,0.67,Americas,SouthBrazil1,southbrazil,22.42,,,,,,29
8.9,12.6,0.67,Americas,SouthBrazil1,southbrazil,34.5,,,,,,29
9.8,11.3,0.67,Americas,SouthBrazil1,southbrazil,41.5,,,,,,29
10.2,15.3,0.67,Americas,SouthBrazil1,southbrazil,44.52,,,,,,29
12.4,11.9,0.67,Americas,SouthBrazil1,southbrazil,65.45,,,,,,29
14.8,19.5,0.67,Americas,SouthBrazil1,southbrazil,103.53,,,,,,29
15.4,13.3,0.67,Americas,SouthBrazil1,southbrazil,112.0,,,,,,29
27.6,25.8,0.79,Americas,SouthBrazil1,southbrazil,798.44,,,,,,54
25.7,24.8,0.86,Americas,SouthBrazil1,southbrazil,526.62,,,,,,71
15.4,19.9,0.59,Americas,SouthBrazil1,southbrazil,126.45,,,,,,36
24.4,23.2,0.22,Americas,SouthBrazil1,southbrazil,207.01,,,,,,70
12.0,18.5,0.54,Americas,SouthBrazil1,southbrazil,76.82,,,,,,7
10.6,14.7,0.59,Americas,SouthBrazil1,southbrazil,56.9,,,,,,36
43.4,30.9,0.59,Americas,SouthBrazil1,southbrazil,1707.82,,,,,,36
11.6,17.3,1.08,Americas,SouthBrazil1,southbrazil,64.35,,,,,,95
24.6,28.2,0.9,Americas,SouthBrazil1,southbrazil,659.23,,,,,,2
10.7,13.1,0.76,Americas,SouthBrazil1,southbrazil,49.97,,,,,,31
59.7,37.3,0.76,Americas,SouthBrazil1,southbrazil,5617.86,,,,,,31
11.7,22.6,0.74,Americas,SouthBrazil1,southbrazil,98.5,,,,,,30
12.2,15.3,0.74,Americas,SouthBrazil1,southbrazil,76.31,,,,,,30
13.7,15.8,0.63,Americas,SouthBrazil1,southbrazil,96.39,,,,,,4
18.2,18.8,0.63,Americas,SouthBrazil1,southbrazil,181.39,,,,,,4
21.9,19.2,0.63,Americas,SouthBrazil1,southbrazil,316.88,,,,,,4
49.0,30.1,0.41,Americas,SouthBrazil1,southbrazil,2227.8,,,,,,22
19.2,24.6,0.6,Americas,SouthBrazil1,southbrazil,193.19,,,,,,14
36.5,28.5,0.55,Americas,SouthBrazil1,southbrazil,1047.89,,,,,,6
6.3,10.4,0.76,Americas,SouthBrazil1,southbrazil,13.13,,,,,,31
6.5,12.1,0.62,Americas,SouthBrazil1,southbrazil,15.62,,,,,,35
9.3,13.1,0.56,Americas,SouthBrazil1,southbrazil,43.6,,,,,,5
29.0,28.2,0.56,Americas,SouthBrazil1,southbrazil,521.16,,,,,,5
22.9,21.4,0.56,Americas,SouthBrazil1,southbrazil,197.81,,,,,,5
8.4,13.4,0.56,Americas,SouthBrazil1,southbrazil,24.75,,,,,,5
14.7,13.5,0.65,Americas,SouthBrazil1,southbrazil,132.43,,,,,,37
16.6,18.4,0.73,Americas,SouthBrazil1,southbrazil,176.33,,,,,,33
19.3,24.4,0.79,Americas,SouthBrazil1,southbrazil,348.48,,,,,,54
12.6,16.7,0.67,Americas,SouthBrazil1,southbrazil,64.84,,,,,,29
28.6,31.9,0.67,Americas,SouthBrazil1,southbrazil,601.51,,,,,,29
46.5,29.4,0.55,Americas,SouthBrazil1,southbrazil,2571.83,,,,,,6
13.4,18.8,0.64,Americas,SouthBrazil1,southbrazil,109.33,,,,,,38
50.6,35.0,0.64,Americas,SouthBrazil1,southbrazil,2369.92,,,,,,38
45.4,29.5,0.59,Americas,SouthBrazil1,southbrazil,1942.14,,,,,,36
12.4,17.0,0.58,Americas,SouthBrazil1,southbrazil,84.74,,,,,,12
14.1,16.5,0.53,Americas,SouthBrazil1,southbrazil,138.07,,,,,,8
20.0,19.6,0.58,Americas,SouthBrazil1,southbrazil,369.82,,,,,,12
31.4,25.0,0.58,Americas,SouthBrazil1,southbrazil,893.94,,,,,,12
8.5,13.2,0.57,Americas,SouthBrazil1,southbrazil,30.54,,,,,,9
13.4,15.9,0.61,Americas,SouthBrazil1,southbrazil,74.9,,,,,,40
34.6,26.8,0.65,Americas,SouthBrazil1,southbrazil,903.96,,,,,,37
10.4,14.0,0.6,Americas,SouthBrazil1,southbrazil,49.26,,,,,,14
16.3,17.4,0.6,Americas,SouthBrazil1,southbrazil,148.01,,,,,,14
11.6,13.6,0.62,Americas,SouthBrazil1,southbrazil,47.18,,,,,,35
5.7,9.0,0.62,Americas,SouthBrazil1,southbrazil,9.59,,,,,,35
9.5,11.7,0.75,Americas,SouthBrazil1,southbrazil,43.22,,,,,,59
9.2,16.2,1.05,Americas,SouthBrazil1,southbrazil,48.08,,,,,,89
9.9,13.8,1.05,Americas,SouthBrazil1,southbrazil,55.53,,,,,,89
13.9,15.2,1.05,Americas,SouthBrazil1,southbrazil,124.37,,,,,,89
5.8,8.3,0.62,Americas,SouthBrazil1,southbrazil,12.07,,,,,,35
6.0,8.9,0.65,Americas,SouthBrazil1,southbrazil,18.21,,,,,,37
12.5,15.9,0.65,Americas,SouthBrazil1,southbrazil,76.88,,,,,,37
29.0,22.8,0.89,Americas,SouthBrazil1,southbrazil,399.65,,,,,,72
5.6,7.0,0.51,Americas,SouthBrazil1,southbrazil,9.36,,,,,,10
9.4,15.3,0.51,Americas,SouthBrazil1,southbrazil,26.77,,,,,,10
44.2,32.8,0.45,Americas,SouthBrazil1,southbrazil,1575.88,,,,,,28
8.7,14.6,0.74,Americas,SouthBrazil1,southbrazil,31.2,,,,,,30
10.9,13.6,0.44,Americas,SouthBrazil1,southbrazil,37.53,,,,,,21
42.7,27.6,0.44,Americas,SouthBrazil1,southbrazil,1053.73,,,,,,21
18.3,17.3,0.4,Americas,SouthBrazil1,southbrazil,152.12,,,,,,15
7.3,13.2,0.71,Americas,SouthBrazil1,southbrazil,32.5,,,,,,49
49.2,27.5,0.77,Americas,SouthBrazil1,southbrazil,2790.78,,,,,,52
16.6,18.3,0.68,Americas,SouthBrazil1,southbrazil,159.9,,,,,,56
20.8,22.3,0.68,Americas,SouthBrazil1,southbrazil,337.23,,,,,,56
21.2,15.9,0.68,Americas,SouthBrazil1,southbrazil,241.14,,,,,,56
21.8,23.5,0.68,Americas,SouthBrazil1,southbrazil,459.44,,,,,,56
45.2,25.7,0.68,Americas,SouthBrazil1,southbrazil,1865.39,,,,,,56
6.3,10.2,0.56,Americas,SouthBrazil1,southbrazil,14.8,,,,,,5
7.5,6.9,0.56,Americas,SouthBrazil1,southbrazil,11.87,,,,,,5
9.3,13.6,0.56,Americas,SouthBrazil1,southbrazil,35.97,,,,,,5
10.2,16.3,0.56,Americas,SouthBrazil1,southbrazil,57.16,,,,,,5
12.2,16.6,0.56,Americas,SouthBrazil1,southbrazil,88.66,,,,,,5
26.7,25.2,0.57,Americas,SouthBrazil1,southbrazil,569.77,,,,,,9
6.5,10.8,0.8,Americas,SouthBrazil1,southbrazil,14.78,,,,,,55
7.9,10.1,0.62,Americas,SouthBrazil1,southbrazil,24.06,,,,,,35
9.1,13.5,0.62,Americas,SouthBrazil1,southbrazil,35.94,,,,,,35
9.2,17.9,0.62,Americas,SouthBrazil1,southbrazil,44.19,,,,,,35
9.7,14.6,0.62,Americas,SouthBrazil1,southbrazil,42.31,,,,,,35
8.9,15.3,0.66,Americas,SouthBrazil1,southbrazil,37.89,,,,,,43
15.2,18.0,0.66,Americas,SouthBrazil1,southbrazil,145.85,,,,,,43
8.3,10.1,0.37,Americas,SouthBrazil1,southbrazil,37.88,,,,,,64
9.7,12.5,0.65,Americas,SouthBrazil1,southbrazil,31.97,,,,,,37
19.9,18.7,0.65,Americas,SouthBrazil1,southbrazil,234.83,,,,,,37
31.5,23.7,0.46,Americas,SouthBrazil1,southbrazil,258.03,,,,,,27
59.2,30.3,0.46,Americas,SouthBrazil1,southbrazil,3760.91,,,,,,27
49.2,28.2,0.51,Americas,SouthBrazil1,southbrazil,1479.68,,,,,,10
5.8,9.9,0.54,Americas,SouthBrazil1,southbrazil,10.74,,,,,,7
6.7,12.7,0.54,Americas,SouthBrazil1,southbrazil,10.72,,,,,,7
18.6,18.3,0.54,Americas,SouthBrazil1,southbrazil,166.16,,,,,,7
19.1,24.7,0.54,Americas,SouthBrazil1,southbrazil,192.98,,,,,,7
6.4,8.2,0.38,Americas,SouthBrazil1,southbrazil,8.23,,,,,,20
95.0,35.8,0.36,Americas,SouthBrazil1,southbrazil,4566.39,,,,,,23
70.5,39.4,0.51,Americas,SouthBrazil1,southbrazil,4405.57,,,,,,10
6.3,9.4,0.69,Americas,SouthBrazil1,southbrazil,13.93,,,,,,32
9.3,14.8,0.84,Americas,SouthBrazil1,southbrazil,40.43,,,,,,53
13.4,15.4,0.71,Americas,SouthBrazil1,southbrazil,85.25,,,,,,49
16.5,17.8,0.71,Americas,SouthBrazil1,southbrazil,183.89,,,,,,49
16.6,16.0,0.71,Americas,SouthBrazil1,southbrazil,133.7,,,,,,49
20.7,19.6,0.71,Americas,SouthBrazil1,southbrazil,306.85,,,,,,49
28.2,20.9,0.71,Americas,SouthBrazil1,southbrazil,666.14,,,,,,49
45.2,24.9,0.71,Americas,SouthBrazil1,southbrazil,1877.75,,,,,,49
15.8,16.3,0.53,Americas,SouthBrazil1,southbrazil,119.55,,,,,,8
17.3,15.5,0.53,Americas,SouthBrazil1,southbrazil,147.38,,,,,,8
23.8,23.9,0.53,Americas,SouthBrazil1,southbrazil,276.68,,,,,,8
6.9,9.4,0.63,Americas,SouthBrazil1,southbrazil,16.42,,,,,,4
7.7,8.6,0.63,Americas,SouthBrazil1,southbrazil,17.3,,,,,,4
9.5,13.8,0.63,Americas,SouthBrazil1,southbrazil,34.69,,,,,,4
10.3,13.3,0.63,Americas,SouthBrazil1,southbrazil,32.94,,,,,,4
10.2,12.8,0.62,Americas,SouthBrazil1,southbrazil,37.53,,,,,,35
37.8,25.2,0.56,Americas,SouthBrazil1,southbrazil,805.47,,,,,,5
9.8,13.8,0.61,Americas,SouthBrazil1,southbrazil,47.62,,,,,,40
9.3,13.4,0.55,Americas,SouthBrazil1,southbrazil,43.48,,,,,,6
12.4,18.8,0.84,Americas,SouthBrazil1,southbrazil,112.04,,,,,,53
124.8,45.9,0.71,Americas,SouthBrazil2,southbrazil,20415.96,,,,,,49
13.2,17.8,0.53,Americas,SouthBrazil2,southbrazil,92.89,,,,,,8
57.3,37.1,0.8,Americas,SouthBrazil2,southbrazil,4657.82,,,,,,55
9.7,12.6,0.66,Americas,SouthBrazil2,southbrazil,37.47,,,,,,43
26.3,27.2,0.66,Americas,SouthBrazil2,southbrazil,834.48,,,,,,43
27.9,25.1,0.39,Americas,SouthBrazil2,southbrazil,226.36,,,,,,19
38.8,27.4,0.62,Americas,SouthBrazil2,southbrazil,1405.5,,,,,,35
6.2,7.7,0.67,Americas,SouthBrazil2,southbrazil,13.39,,,,,,29
6.4,7.7,0.67,Americas,SouthBrazil2,southbrazil,11.67,,,,,,29
11.8,11.7,0.67,Americas,SouthBrazil2,southbrazil,62.14,,,,,,29
15.4,18.5,0.54,Americas,SouthBrazil2,southbrazil,82.92,,,,,,7
28.9,21.5,0.51,Americas,SouthBrazil2,southbrazil,456.72,,,,,,10
11.3,11.3,0.77,Americas,SouthBrazil2,southbrazil,64.38,,,,,,52
74.8,37.8,0.73,Americas,SouthBrazil2,southbrazil,7310.74,,,,,,33
19.7,22.5,0.53,Americas,SouthBrazil2,southbrazil,235.12,,,,,,8
11.1,16.1,0.78,Americas,SouthBrazil2,southbrazil,83.92,,,,,,45
90.1,42.5,0.64,Americas,SouthBrazil2,southbrazil,9655.32,,,,,,38
58.9,37.3,0.65,Americas,SouthBrazil2,southbrazil,5067.79,,,,,,37
8.1,9.5,0.62,Americas,SouthBrazil2,southbrazil,23.39,,,,,,35
8.9,11.2,1.05,Americas,SouthBrazil2,southbrazil,46.11,,,,,,89
16.7,15.9,1.05,Americas,SouthBrazil2,southbrazil,192.27,,,,,,89
5.6,9.1,0.52,Americas,SouthBrazil2,southbrazil,9.49,,,,,,11
6.5,8.1,0.44,Americas,SouthBrazil2,southbrazil,11.34,,,,,,21
7.5,9.8,0.44,Americas,SouthBrazil2,southbrazil,14.2,,,,,,21
22.7,18.7,0.4,Americas,SouthBrazil2,southbrazil,228.72,,,,,,15
15.0,13.5,0.58,Americas,SouthBrazil2,southbrazil,103.67,,,,,,12
9.1,12.3,0.62,Americas,SouthBrazil2,southbrazil,31.12,,,,,,35
13.4,18.4,0.62,Americas,SouthBrazil2,southbrazil,101.9,,,,,,35
13.9,16.8,0.62,Americas,SouthBrazil2,southbrazil,128.52,,,,,,35
5.2,8.5,0.66,Americas,SouthBrazil2,southbrazil,6.77,,,,,,43
11.8,15.0,0.66,Americas,SouthBrazil2,southbrazil,72.97,,,,,,43
10.7,13.0,0.69,Americas,SouthBrazil2,southbrazil,41.76,,,,,,32
21.1,23.0,0.42,Americas,SouthBrazil2,southbrazil,199.09,,,,,,25
37.6,28.8,0.62,Americas,SouthBrazil2,southbrazil,1439.35,,,,,,35
7.7,10.6,0.45,Americas,SouthBrazil2,southbrazil,20.53,,,,,,28
28.2,20.2,0.45,Americas,SouthBrazil2,southbrazil,558.03,,,,,,28
33.4,25.0,0.45,Americas,SouthBrazil2,southbrazil,596.11,,,,,,28
6.6,10.9,0.54,Americas,SouthBrazil2,southbrazil,18.69,,,,,,7
15.3,14.4,0.54,Americas,SouthBrazil2,southbrazil,112.61,,,,,,7
26.1,21.0,0.51,Americas,SouthBrazil2,southbrazil,486.32,,,,,,10
6.1,7.5,0.43,Americas,SouthBrazil2,southbrazil,6.74,,,,,,41
42.8,28.3,0.76,Americas,SouthBrazil2,southbrazil,1361.67,,,,,,31
9.7,13.1,0.85,Americas,SouthBrazil2,southbrazil,53.38,,,,,,47
11.7,11.6,0.71,Americas,SouthBrazil2,southbrazil,65.41,,,,,,49
18.9,20.8,0.71,Americas,SouthBrazil2,southbrazil,274.32,,,,,,49
29.9,23.9,0.53,Americas,SouthBrazil2,southbrazil,673.84,,,,,,8
85.9,54.1,0.6,Americas,SouthBrazil2,southbrazil,8186.78,,,,,,14
6.7,8.8,0.61,Americas,SouthBrazil2,southbrazil,19.23,,,,,,40
14.2,9.7,0.61,Americas,SouthBrazil2,southbrazil,124.26,,,,,,40
11.0,11.8,0.51,Americas,SouthBrazil3,southbrazil,73.7,,,,,,10
18.9,19.4,0.37,Americas,SouthBrazil3,southbrazil,119.9,,,,,,64
11.5,13.1,0.65,Americas,SouthBrazil3,southbrazil,98.43,,,,,,37
11.4,13.9,0.51,Americas,SouthBrazil3,southbrazil,52.18,,,,,,10
7.7,11.6,0.51,Americas,SouthBrazil3,southbrazil,35.51,,,,,,10
8.2,11.6,0.51,Americas,SouthBrazil3,southbrazil,44.79,,,,,,10
17.6,17.6,0.63,Americas,SouthBrazil3,southbrazil,226.91,,,,,,4
7.7,10.8,0.52,Americas,SouthBrazil3,southbrazil,25.6,,,,,,11
6.4,10.1,0.74,Americas,SouthBrazil3,southbrazil,15.59,,,,,,30
7.6,11.7,0.74,Americas,SouthBrazil3,southbrazil,31.21,,,,,,30
11.6,13.4,0.74,Americas,SouthBrazil3,southbrazil,91.84,,,,,,30
15.8,16.0,0.74,Americas,SouthBrazil3,southbrazil,160.15,,,,,,30
5.5,9.4,0.56,Americas,SouthBrazil3,southbrazil,16.62,,,,,,5
12.4,18.9,0.78,Americas,SouthBrazil3,southbrazil,132.86,,,,,,45
13.5,17.4,0.62,Americas,SouthBrazil3,southbrazil,128.03,,,,,,35
14.9,20.9,0.62,Americas,SouthBrazil3,southbrazil,216.81,,,,,,35
10.3,11.8,0.51,Americas,SouthBrazil3,southbrazil,37.51,,,,,,10
9.5,13.2,0.84,Americas,SouthBrazil3,southbrazil,56.23,,,,,,53
8.7,8.8,0.65,Americas,SouthBrazil3,southbrazil,28.57,,,,,,37
14.3,17.6,0.52,Americas,SouthBrazil3,southbrazil,121.26,,,,,,11
16.5,16.8,0.52,Americas,SouthBrazil3,southbrazil,185.1,,,,,,11
12.8,12.7,0.63,Americas,SouthBrazil3,southbrazil,61.85,,,,,,4
19.1,15.1,0.63,Americas,SouthBrazil3,southbrazil,140.38,,,,,,4
9.7,13.5,0.69,Americas,SouthBrazil3,southbrazil,69.06,,,,,,32
10.5,15.0,0.69,Americas,SouthBrazil3,southbrazil,68.85,,,,,,32
12.6,13.6,0.69,Americas,SouthBrazil3,southbrazil,93.12,,,,,,32
14.0,18.1,0.69,Americas,SouthBrazil3,southbrazil,142.53,,,,,,32
8.5,12.5,0.71,Americas,SouthBrazil3,southbrazil,35.02,,,,,,49
10.6,12.4,0.71,Americas,SouthBrazil3,southbrazil,120.38,,,,,,49
7.9,12.5,0.94,Americas,SouthBrazil3,southbrazil,29.45,,,,,,92
6.0,10.4,0.79,Americas,SouthBrazil3,southbrazil,18.64,,,,,,54
12.0,17.2,0.79,Americas,SouthBrazil3,southbrazil,118.61,,,,,,54
11.6,19.4,0.71,Americas,SouthBrazil3,southbrazil,99.61,,,,,,49
16.5,17.9,0.51,Americas,SouthBrazil3,southbrazil,150.65,,,,,,10
33.3,23.6,0.51,Americas,SouthBrazil3,southbrazil,624.51,,,,,,10
6.5,9.8,0.58,Americas,SouthBrazil3,southbrazil,22.27,,,,,,12
7.9,9.1,0.49,Americas,SouthBrazil3,southbrazil,21.23,,,,,,24
9.6,15.0,0.49,Americas,SouthBrazil3,southbrazil,43.18,,,,,,24
9.9,12.6,0.49,Americas,SouthBrazil3,southbrazil,39.22,,,,,,24
11.6,15.4,0.49,Americas,SouthBrazil3,southbrazil,79.62,,,,,,24
13.2,13.7,0.66,Americas,SouthBrazil3,southbrazil,49.81,,,,,,43
13.4,16.4,0.49,Americas,SouthBrazil3,southbrazil,39.63,,,,,,24
11.7,12.6,0.71,Americas,SouthBrazil3,southbrazil,61.94,,,,,,49
9.3,11.1,0.72,Americas,SouthBrazil3,southbrazil,49.15,,,,,,34
9.9,12.7,0.53,Americas,SouthBrazil3,southbrazil,38.09,,,,,,8
9.9,12.7,0.53,Americas,SouthBrazil3,southbrazil,35.42,,,,,,8
7.7,11.9,0.63,Americas,SouthBrazil3,southbrazil,26.07,,,,,,4
9.1,17.8,0.63,Americas,SouthBrazil3,southbrazil,36.36,,,,,,4
10.1,15.0,0.63,Americas,SouthBrazil3,southbrazil,79.63,,,,,,4
13.2,20.4,0.72,Americas,SouthBrazil3,southbrazil,118.71,,,,,,34
13.7,23.4,0.72,Americas,SouthBrazil3,southbrazil,150.91,,,,,,34
34.5,27.7,0.68,Americas,SouthBrazil3,southbrazil,1184.8,,,,,,56
8.1,11.7,0.63,Americas,SouthBrazil3,southbrazil,95.93,,,,,,4
6.9,9.9,0.61,Americas,SouthBrazil3,southbrazil,53.58,,,,,,40
8.6,8.7,0.61,Americas,SouthBrazil3,southbrazil,34.73,,,,,,40
9.9,15.6,0.61,Americas,SouthBrazil3,southbrazil,58.14,,,,,,40
10.3,13.8,0.61,Americas,SouthBrazil3,southbrazil,61.28,,,,,,40
11.6,16.0,0.61,Americas,SouthBrazil3,southbrazil,92.29,,,,,,40
7.3,14.2,0.59,Americas,SouthBrazil3,southbrazil,59.86,,,,,,36
7.1,11.2,0.63,Americas,SouthBrazil3,southbrazil,18.46,,,,,,4
8.9,12.6,0.63,Americas,SouthBrazil3,southbrazil,54.58,,,,,,4
9.0,10.8,0.63,Americas,SouthBrazil3,southbrazil,62.76,,,,,,4
15.9,23.9,0.84,Americas,SouthBrazil3,southbrazil,292.07,,,,,,53
7.9,11.4,0.62,Americas,SouthBrazil3,southbrazil,18.6,,,,,,35
16.9,11.8,0.62,Asia,Sumatra,sumatra,97.3,3000.0,0.0,Moist,2,100,35
23.6,16.7,0.5,Asia,Sumatra,sumatra,117.3,3000.0,0.0,Moist,2,100,13
32.5,20.6,0.42,Asia,Sumatra,sumatra,435.3,3000.0,0.0,Moist,2,100,25
35.7,32.4,0.42,Asia,Sumatra,sumatra,446.8,3000.0,0.0,Moist,2,100,25
36.6,28.2,0.42,Asia,Sumatra,sumatra,867.6,3000.0,0.0,Moist,2,100,25
37.7,23.6,0.42,Asia,Sumatra,sumatra,1224.9,3000.0,0.0,Moist,2,100,25
39.8,26.1,0.42,Asia,Sumatra,sumatra,965.5,3000.0,0.0,Moist,2,100,25
11.5,14.0,0.73,Asia,Sumatra,sumatra,48.5,3000.0,0.0,Moist,2,100,33
7.6,12.3,0.52,Asia,Sumatra,sumatra,13.3,3000.0,0.0,Moist,2,100,11
28.3,11.4,0.52,Asia,Sumatra,sumatra,197.4,3000.0,0.0,Moist,2,100,11
30.6,20.2,0.52,Asia,Sumatra,sumatra,491.3,3000.0,0.0,Moist,2,100,11
9.9,7.2,0.38,Asia,Sumatra,sumatra,25.9,3000.0,0.0,Moist,2,100,20
12.1,14.6,0.38,Asia,Sumatra,sumatra,56.0,3000.0,0.0,Moist,2,100,20
15.6,8.6,0.38,Asia,Sumatra,sumatra,56.9,3000.0,0.0,Moist,2,100,20
18.8,11.0,0.38,Asia,Sumatra,sumatra,147.1,3000.0,0.0,Moist,2,100,20
27.1,22.9,0.38,Asia,Sumatra,sumatra,337.7,3000.0,0.0,Moist,2,100,20
9.6,8.5,0.5,Asia,Sumatra,sumatra,26.3,3000.0,0.0,Moist,2,100,13
12.4,10.5,0.5,Asia,Sumatra,sumatra,25.4,3000.0,0.0,Moist,2,100,13
17.2,10.6,0.5,Asia,Sumatra,sumatra,80.7,3000.0,0.0,Moist,2,100,13
8.0,10.5,0.47,Asia,Sumatra,sumatra,18.7,3000.0,0.0,Moist,2,100,42
33.9,20.2,0.47,Asia,Sumatra,sumatra,608.4,3000.0,0.0,Moist,2,100,42
11.8,12.5,0.5,Asia,Sumatra,sumatra,35.1,3000.0,0.0,Moist,2,100,13
12.4,12.5,0.5,Asia,Sumatra,sumatra,27.2,3000.0,0.0,Moist,2,100,13
10.5,11.0,0.5,Asia,Sumatra,sumatra,34.4,3000.0,0.0,Moist,2,100,13
48.1,24.0,0.7,Asia,Sumatra,sumatra,1800.7,3000.0,0.0,Moist,2,100,39
32.8,25.4,0.57,Asia,Sumatra,sumatra,662.4,3000.0,0.0,Moist,2,100,9
15.3,14.3,0.57,Asia,Sumatra,sumatra,90.4,3000.0,0.0,Moist,2,100,9
9.2,10.1,0.75,Asia,Sumatra,sumatra,24.1,3000.0,0.0,Moist,2,100,59
21.0,20.7,0.42,Asia,Sumatra,sumatra,276.3,3000.0,0.0,Moist,2,100,25
22.6,23.4,0.48,Asia,Sumatra2,sumatra,308.23,,,,,,26
31.8,35.9,0.44,Asia,Sumatra2,sumatra,712.47,,,,,,21
32.5,32.9,0.49,Asia,Sumatra2,sumatra,728.08,,,,,,24
39.1,45.8,0.41,Asia,Sumatra2,sumatra,1923.11,,,,,,22
55.1,38.9,0.6,Asia,Sumatra2,sumatra,3746.99,,,,,,14
55.7,37.8,0.58,Asia,Sumatra2,sumatra,3658.23,,,,,,12
63.7,45.6,0.42,Asia,Sumatra2,sumatra,4257.88,,,,,,25
71.6,44.6,0.48,Asia,Sumatra2,sumatra,6654.74,,,,,,26
72.2,49.0,0.39,Asia,Sumatra2,sumatra,4043.49,,,,,,19
82.8,57.7,0.51,Asia,Sumatra2,sumatra,10080.05,,,,,,10
114.6,59.1,0.45,Asia,Sumatra2,sumatra,15740.83,,,,,,28
6.5,2.7,0.56,Africa,Tanzania1,tanzania,13.13,,,,,,5
8.0,4.0,0.55,Africa,Tanzania1,tanzania,18.66,,,,,,6
9.0,4.7,0.67,Africa,Tanzania1,tanzania,25.85,,,,,,29
9.0,7.0,0.67,Africa,Tanzania1,tanzania,31.99,,,,,,29
14.0,5.2,0.42,Africa,Tanzania1,tanzania,63.2,,,,,,25
15.0,8.0,0.55,Africa,Tanzania1,tanzania,77.0,,,,,,6
21.3,11.0,0.55,Africa,Tanzania1,tanzania,171.79,,,,,,6
23.0,6.4,0.42,Africa,Tanzania1,tanzania,187.53,,,,,,25
24.2,9.7,0.67,Africa,Tanzania1,tanzania,233.41,,,,,,29
24.5,14.0,0.55,Africa,Tanzania1,tanzania,395.73,,,,,,6
25.2,9.8,0.74,Africa,Tanzania1,tanzania,371.29,,,,,,30
25.5,7.3,0.74,Africa,Tanzania1,tanzania,333.69,,,,,,30
27.0,7.6,0.74,Africa,Tanzania1,tanzania,206.57,,,,,,30
27.0,13.0,0.42,Africa,Tanzania1,tanzania,399.89,,,,,,25
28.0,7.3,0.67,Africa,Tanzania1,tanzania,307.07,,,,,,29
28.0,8.3,0.42,Africa,Tanzania1,tanzania,445.02,,,,,,25
29.0,9.0,0.56,Africa,Tanzania1,tanzania,417.12,,,,,,5
30.0,7.0,0.65,Africa,Tanzania1,tanzania,206.87,,,,,,37
32.0,12.0,0.55,Africa,Tanzania1,tanzania,533.45,,,,,,6
32.0,13.7,0.42,Africa,Tanzania1,tanzania,427.53,,,,,,25
34.0,9.8,0.74,Africa,Tanzania1,tanzania,698.69,,,,,,30
36.0,8.0,0.55,Africa,Tanzania1,tanzania,435.23,,,,,,6
37.0,12.0,0.67,Africa,Tanzania1,tanzania,416.4,,,,,,29
40.0,16.0,0.76,Africa,Tanzania1,tanzania,994.56,,,,,,31
41.0,14.0,0.74,Africa,Tanzania1,tanzania,1431.45,,,,,,30
45.0,15.0,0.74,Africa,Tanzania1,tanzania,803.14,,,,,,30
47.0,12.9,0.74,Africa,Tanzania1,tanzania,653.67,,,,,,30
48.0,17.0,0.55,Africa,Tanzania1,tanzania,1724.51,,,,,,6
52.0,16.0,0.55,Africa,Tanzania1,tanzania,1271.17,,,,,,6
52.0,18.7,0.55,Africa,Tanzania1,tanzania,1828.36,,,,,,6
57.0,15.0,0.55,Africa,Tanzania1,tanzania,2562.16,,,,,,6
58.0,13.6,0.69,Africa,Tanzania1,tanzania,1712.88,,,,,,32
63.0,16.7,0.55,Africa,Tanzania1,tanzania,2638.88,,,,,,6
64.0,19.0,0.55,Africa,Tanzania1,tanzania,4074.48,,,,,,6
73.3,18.5,0.55,Africa,Tanzania1,tanzania,4510.53,,,,,,6
74.0,19.5,0.55,Africa,Tanzania1,tanzania,4941.36,,,,,,6
76.0,19.0,0.74,Africa,Tanzania1,tanzania,5143.0,,,,,,30
78.0,17.9,0.55,Africa,Tanzania1,tanzania,4345.78,,,,,,6
6.4,6.5,0.76,Africa,Tanzania2,tanzania,23.88,,,,,,31
8.9,3.5,0.66,Africa,Tanzania2,tanzania,28.75,,,,,,43
9.0,6.0,0.41,Africa,Tanzania2,tanzania,23.52,,,,,,22
9.1,7.5,0.76,Africa,Tanzania2,tanzania,39.83,,,,,,31
13.5,6.7,0.56,Africa,Tanzania2,tanzania,60.85,,,,,,5
15.0,12.0,0.56,Africa,Tanzania2,tanzania,84.61,,,,,,5
15.9,12.0,0.56,Africa,Tanzania2,tanzania,85.62,,,,,,5
16.0,7.4,0.99,Africa,Tanzania2,tanzania,63.26,,,,,,96
16.4,7.6,0.51,Africa,Tanzania2,tanzania,49.96,,,,,,10
18.0,15.3,0.87,Africa,Tanzania2,tanzania,144.61,,,,,,51
20.3,10.5,0.62,Africa,Tanzania2,tanzania,183.31,,,,,,35
20.9,14.0,0.56,Africa,Tanzania2,tanzania,194.89,,,,,,5
22.7,14.5,0.67,Africa,Tanzania2,tanzania,113.68,,,,,,29
25.0,12.3,0.63,Africa,Tanzania2,tanzania,231.55,,,,,,4
25.0,16.5,0.86,Africa,Tanzania2,tanzania,278.97,,,,,,71
26.0,17.1,0.56,Africa,Tanzania2,tanzania,300.73,,,,,,5
27.0,17.2,0.63,Africa,Tanzania2,tanzania,353.01,,,,,,4
27.5,11.0,0.67,Africa,Tanzania2,tanzania,178.72,,,,,,29
28.0,11.9,0.56,Africa,Tanzania2,tanzania,407.91,,,,,,5
30.0,9.0,0.61,Africa,Tanzania2,tanzania,430.09,,,,,,40
30.2,10.6,0.56,Africa,Tanzania2,tanzania,485.68,,,,,,5
31.5,11.2,0.41,Africa,Tanzania2,tanzania,299.34,,,,,,22
34.0,13.0,0.56,Africa,Tanzania2,tanzania,500.05,,,,,,5
35.3,18.0,0.67,Africa,Tanzania2,tanzania,779.81,,,,,,29
36.0,13.0,0.72,Africa,Tanzania2,tanzania,748.37,,,,,,34
36.0,13.0,0.62,Africa,Tanzania2,tanzania,731.94,,,,,,35
40.0,18.2,0.56,Africa,Tanzania2,tanzania,1079.39,,,,,,5
42.5,20.0,0.74,Africa,Tanzania2,tanzania,1588.65,,,,,,30
45.0,14.8,0.72,Africa,Tanzania2,tanzania,1322.39,,,,,,34
50.0,15.0,0.74,Africa,Tanzania2,tanzania,2236.57,,,,,,30
50.0,20.1,0.56,Africa,Tanzania2,tanzania,1933.02,,,,,,5
51.0,14.0,0.75,Africa,Tanzania2,tanzania,900.73,,,,,,59
54.0,15.7,0.56,Africa,Tanzania2,tanzania,1909.19,,,,,,5
60.0,18.5,0.61,Africa,Tanzania2,tanzania,2050.64,,,,,,40
62.0,14.7,0.55,Africa,Tanzania2,tanzania,2822.19,,,,,,6
67.0,19.5,0.56,Africa,Tanzania2,tanzania,3214.89,,,,,,5
68.0,24.0,0.67,Africa,Tanzania2,tanzania,4498.8,,,,,,29
75.0,25.0,0.95,Africa,Tanzania2,tanzania,5599.69,,,,,,97
76.0,22.0,0.67,Africa,Tanzania2,tanzania,4060.58,,,,,,29
82.0,25.0,0.56,Africa,Tanzania2,tanzania,8040.18,,,,,,5
101.9,25.7,0.67,Africa,Tanzania2,tanzania,9996.96,,,,,,29
110.0,27.5,0.67,Africa,Tanzania2,tanzania,10418.83,,,,,,29
8.0,7.0,0.63,Africa,Tanzania3,tanzania,21.0,,,,,,4
8.0,5.0,0.69,Africa,Tanzania3,tanzania,13.49,,,,,,32
10.2,6.3,0.74,Africa,Tanzania3,tanzania,36.49,,,,,,30
10.6,9.3,0.74,Africa,Tanzania3,tanzania,25.34,,,,,,30
11.6,8.0,0.67,Africa,Tanzania3,tanzania,30.06,,,,,,29
17.0,10.6,0.76,Africa,Tanzania3,tanzania,172.72,,,,,,31
18.0,9.8,0.63,Africa,Tanzania3,tanzania,115.94,,,,,,4
18.0,7.3,0.67,Africa,Tanzania3,tanzania,189.11,,,,,,29
18.0,8.1,0.55,Africa,Tanzania3,tanzania,111.64,,,,,,6
21.0,10.4,0.76,Africa,Tanzania3,tanzania,179.88,,,,,,31
22.0,8.6,0.55,Africa,Tanzania3,tanzania,196.03,,,,,,6
24.0,9.0,0.74,Africa,Tanzania3,tanzania,169.06,,,,,,30
25.0,12.9,0.74,Africa,Tanzania3,tanzania,338.44,,,,,,30
26.3,14.8,0.74,Africa,Tanzania3,tanzania,416.92,,,,,,30
27.0,12.3,0.58,Africa,Tanzania3,tanzania,323.44,,,,,,12
28.0,10.0,0.55,Africa,Tanzania3,tanzania,279.88,,,,,,6
35.0,13.0,0.55,Africa,Tanzania3,tanzania,551.95,,,,,,6
35.0,11.0,0.58,Africa,Tanzania3,tanzania,544.89,,,,,,12
38.0,14.3,0.56,Africa,Tanzania3,tanzania,974.47,,,,,,5
38.0,12.0,0.58,Africa,Tanzania3,tanzania,1188.02,,,,,,12
43.0,11.0,0.55,Africa,Tanzania3,tanzania,914.27,,,,,,6
44.0,17.0,0.74,Africa,Tanzania3,tanzania,1795.39,,,,,,30
44.0,15.6,0.76,Africa,Tanzania3,tanzania,1366.04,,,,,,31
45.0,18.0,0.72,Africa,Tanzania3,tanzania,1246.53,,,,,,34
46.0,18.8,0.55,Africa,Tanzania3,tanzania,1490.17,,,,,,6
48.0,17.0,0.62,Africa,Tanzania3,tanzania,1885.34,,,,,,35
50.0,17.2,0.63,Africa,Tanzania3,tanzania,2146.08,,,,,,4
51.0,15.0,0.72,Africa,Tanzania3,tanzania,1691.43,,,,,,34
52.0,19.2,0.74,Africa,Tanzania3,tanzania,1972.29,,,,,,30
53.0,19.0,0.67,Africa,Tanzania3,tanzania,2591.77,,,,,,29
53.0,15.1,0.7,Africa,Tanzania3,tanzania,2249.32,,,,,,39
54.0,13.6,0.63,Africa,Tanzania3,tanzania,1958.52,,,,,,4
55.0,17.0,0.7,Africa,Tanzania3,tanzania,3583.77,,,,,,39
58.0,17.0,0.67,Africa,Tanzania3,tanzania,2350.74,,,,,,29
63.0,12.3,0.7,Africa,Tanzania3,tanzania,2081.16,,,,,,39
64.0,11.4,0.74,Africa,Tanzania3,tanzania,2371.64,,,,,,30
71.0,21.0,0.67,Africa,Tanzania3,tanzania,4158.71,,,,,,29
79.0,26.0,0.67,Africa,Tanzania3,tanzania,6227.15,,,,,,29
6.7,7.3,1.08,Africa,Tanzania4,tanzania,17.82,,,,,,95
10.0,6.0,0.76,Africa,Tanzania4,tanzania,26.02,,,,,,31
10.0,6.0,0.79,Africa,Tanzania4,tanzania,23.12,,,,,,54
14.0,8.0,0.73,Africa,Tanzania4,tanzania,54.98,,,,,,33
15.0,6.8,0.8,Africa,Tanzania4,tanzania,40.35,,,,,,55
15.2,5.6,1.08,Africa,Tanzania4,tanzania,116.06,,,,,,95
16.0,8.7,0.76,Africa,Tanzania4,tanzania,142.91,,,,,,31
20.0,11.0,0.42,Africa,Tanzania4,tanzania,174.24,,,,,,25
21.0,10.3,0.79,Africa,Tanzania4,tanzania,180.33,,,,,,54
22.0,9.2,0.79,Africa,Tanzania4,tanzania,241.4,,,,,,54
24.0,16.5,0.85,Africa,Tanzania4,tanzania,282.71,,,,,,47
24.0,10.5,0.42,Africa,Tanzania4,tanzania,238.53,,,,,,25
26.0,11.9,0.72,Africa,Tanzania4,tanzania,276.67,,,,,,34
26.0,8.5,0.51,Africa,Tanzania4,tanzania,286.89,,,,,,10
27.2,13.4,0.72,Africa,Tanzania4,tanzania,527.48,,,,,,34
28.2,15.0,0.56,Africa,Tanzania4,tanzania,335.75,,,,,,5
30.0,12.0,0.99,Africa,Tanzania4,tanzania,445.36,,,,,,96
32.0,13.0,0.63,Africa,Tanzania4,tanzania,600.71,,,,,,4
33.0,15.7,0.72,Africa,Tanzania4,tanzania,905.24,,,,,,34
36.0,18.2,0.69,Africa,Tanzania4,tanzania,940.31,,,,,,32
36.0,10.0,0.56,Africa,Tanzania4,tanzania,521.19,,,,,,5
38.0,14.8,0.73,Africa,Tanzania4,tanzania,737.05,,,,,,33
41.0,15.5,0.63,Africa,Tanzania4,tanzania,958.88,,,,,,4
42.0,17.0,0.55,Africa,Tanzania4,tanzania,1362.02,,,,,,6
47.0,16.7,0.55,Africa,Tanzania4,tanzania,1732.31,,,,,,6
48.5,22.0,0.74,Africa,Tanzania4,tanzania,1739.36,,,,,,30
49.0,17.0,0.63,Africa,Tanzania4,tanzania,1550.27,,,,,,4
57.0,22.0,0.67,Africa,Tanzania4,tanzania,1974.93,,,,,,29
63.0,20.0,0.74,Africa,Tanzania4,tanzania,3240.57,,,,,,30
66.0,22.5,0.63,Africa,Tanzania4,tanzania,4473.19,,,,,,4
68.0,20.4,0.72,Africa,Tanzania4,tanzania,4598.29,,,,,,34
74.0,21.0,0.67,Africa,Tanzania4,tanzania,3177.99,,,,,,29
84.0,23.8,0.67,Africa,Tanzania4,tanzania,4957.04,,,,,,29
95.0,26.0,0.67,Africa,Tanzania4,tanzania,8790.16,,,,,,29
21.7,24.6,0.72,Americas,Venezuela2,venezuela,341.67,,,,,,34
55.4,30.0,0.74,Americas,Venezuela2,venezuela,3918.82,,,,,,30
82.3,26.3,0.77,Americas,Venezuela2,venezuela,3346.91,,,,,,52
42.0,22.9,0.73,Americas,Venezuela2,venezuela,1715.81,,,,,,33
50.3,27.0,0.76,Americas,Venezuela2,venezuela,1403.89,,,,,,31
12.8,23.8,0.56,Americas,Venezuela2,venezuela,96.33,,,,,,5
38.8,23.4,0.53,Americas,Venezuela2,venezuela,1163.61,,,,,,8
12.0,18.8,0.56,Americas,Venezuela2,venezuela,76.82,,,,,,5
47.8,28.9,0.71,Americas,Venezuela2,venezuela,1831.62,,,,,,49
58.6,32.0,0.72,Americas,Venezuela2,venezuela,3780.99,,,,,,34
82.2,28.8,0.69,Americas,Venezuela2,venezuela,5124.56,,,,,,32
15.1,20.0,0.67,Americas,Venezuela2,venezuela,208.72,,,,,,29
23.0,19.6,0.55,Americas,Venezuela2,venezuela,359.65,,,,,,6
28.5,25.1,0.38,Americas,Venezuela2,venezuela,347.38,,,,,,20
20.6,20.1,0.61,Americas,Venezuela2,venezuela,268.68,,,,,,40
19.3,24.9,0.71,Americas,Venezuela2,venezuela,387.49,,,,,,49
30.1,26.3,0.73,Americas,Venezuela2,venezuela,836.04,,,,,,33
10.3,10.4,0.53,Americas,Venezuela2,venezuela,36.7,,,,,,8
11.6,17.4,0.8,Americas,Venezuela2,venezuela,91.45,,,,,,55
11.9,19.3,0.63,Americas,Venezuela2,venezuela,71.0,,,,,,4
17.2,22.4,0.42,Americas,Venezuela2,venezuela,139.67,,,,,,25
21.5,26.7,0.69,Americas,Venezuela2,venezuela,367.08,,,,,,32
24.5,25.1,0.63,Americas,Venezuela2,venezuela,439.44,,,,,,4
32.8,27.6,0.69,Americas,Venezuela2,venezuela,626.7,,,,,,32
35.6,25.5,0.65,Americas,Venezuela2,venezuela,710.79,,,,,,37
35.7,28.9,0.59,Americas,Venezuela2,venezuela,601.41,,,,,,36
36.3,27.3,0.54,Americas,Venezuela2,venezuela,755.95,,,,,,7
36.6,32.6,0.49,Americas,Venezuela2,venezuela,678.25,,,,,,24
48.5,29.7,0.68,Americas,Venezuela2,venezuela,2185.92,,,,,,56
52.8,25.9,0.58,Americas,Venezuela2,venezuela,1228.16,,,,,,12
54.0,33.5,0.74,Americas,Venezuela2,venezuela,2586.01,,,,,,30
67.5,32.0,0.57,Americas,Venezuela2,venezuela,3772.63,,,,,,9
73.5,31.0,0.7,Americas,Venezuela2,venezuela,2300.53,,,,,,39
91.0,32.0,0.65,Americas,Venezuela2,venezuela,4379.34,,,,,,37
94.5,32.2,0.67,Americas,Venezuela2,venezuela,4762.73,,,,,,29
136.8,37.9,0.67,Americas,Venezuela2,venezuela,9852.72,,,,,,29
14.5,21.7,0.48,Americas,Venezuela2,venezuela,78.27,,,,,,26
58.3,26.2,0.56,Americas,Venezuela2,venezuela,2689.52,,,,,,5
13.3,19.4,0.57,Americas,Venezuela2,venezuela,111.47,,,,,,9
12.0,18.8,0.44,Americas,Venezuela2,venezuela,61.52,,,,,,21
5.0,4.0,0.44,Asia,WestJava,westjava,2.86,,,,,,21
5.1,4.0,0.44,Asia,WestJava,westjava,2.4,,,,,,21
5.5,3.3,0.39,Asia,WestJava,westjava,2.93,,,,,,19
5.5,5.6,0.44,Asia,WestJava,westjava,4.13,,,,,,21
5.7,4.5,0.44,Asia,WestJava,westjava,4.09,,,,,,21
5.8,4.1,0.41,Asia,WestJava,westjava,3.62,,,,,,22
6.0,4.4,0.69,Asia,WestJava,westjava,5.11,,,,,,32
6.0,5.1,0.44,Asia,WestJava,westjava,4.91,,,,,,21
6.3,6.0,0.54,Asia,WestJava,westjava,4.92,,,,,,7
6.8,3.9,0.69,Asia,WestJava,westjava,4.83,,,,,,32
6.8,3.8,0.44,Asia,WestJava,westjava,4.5,,,,,,21
7.0,5.4,0.44,Asia,WestJava,westjava,7.08,,,,,,21
7.2,5.2,0.44,Asia,WestJava,westjava,7.93,,,,,,21
7.2,5.3,0.47,Asia,WestJava,westjava,7.25,,,,,,42
7.3,7.2,0.44,Asia,WestJava,westjava,8.38,,,,,,21
7.8,3.5,0.36,Asia,WestJava,westjava,5.67,,,,,,23
8.2,7.4,0.44,Asia,WestJava,westjava,11.87,,,,,,21
8.3,7.2,0.45,Asia,WestJava,westjava,10.64,,,,,,28
9.3,9.3,0.54,Asia,WestJava,westjava,14.58,,,,,,7
9.3,7.3,0.44,Asia,WestJava,westjava,12.05,,,,,,21
9.4,6.7,0.44,Asia,WestJava,westjava,14.77,,,,,,21
9.5,6.1,0.46,Asia,WestJava,westjava,12.53,,,,,,27
10.0,7.7,0.44,Asia,WestJava,westjava,18.7,,,,,,21
10.1,7.5,0.54,Asia,WestJava,westjava,15.33,,,,,,7
11.2,8.2,0.39,Asia,WestJava,westjava,21.12,,,,,,19
12.4,12.8,0.42,Asia,WestJava,westjava,35.38,,,,,,25
12.5,12.2,0.54,Asia,WestJava,westjava,40.03,,,,,,7
12.6,9.3,0.5,Asia,WestJava,westjava,33.04,,,,,,13
14.6,11.8,0.44,Asia,WestJava,westjava,54.53,,,,,,21
14.8,13.0,0.44,Asia,WestJava,westjava,74.04,,,,,,21
16.4,17.9,0.42,Asia,WestJava,westjava,71.55,,,,,,25
16.5,13.5,0.44,Asia,WestJava,westjava,64.91,,,,,,21
16.7,14.3,0.42,Asia,WestJava,westjava,89.14,,,,,,25
18.2,14.5,0.42,Asia,WestJava,westjava,98.47,,,,,,25
18.2,12.3,0.41,Asia,WestJava,westjava,88.0,,,,,,22
20.2,16.5,0.44,Asia,WestJava,westjava,144.25,,,,,,21
22.5,14.6,0.54,Asia,WestJava,westjava,159.36,,,,,,7
25.1,17.8,0.44,Asia,WestJava,westjava,215.26,,,,,,21
27.8,20.7,0.44,Asia,WestJava,westjava,278.88,,,,,,21
28.5,23.1,0.44,Asia,WestJava,westjava,284.19,,,,,,21
31.8,23.2,0.41,Asia,WestJava,westjava,458.92,,,,,,22
11.3,12.1,0.54,Americas,Yucatan,yucatan,60.45,1200.0,1.0,Dry,5,20,7
11.6,14.7,0.64,Americas,Yucatan,yucatan,41.79,1200.0,1.0,Dry,5,20,38
12.7,10.5,0.64,Americas,Yucatan,yucatan,40.31,1200.0,1.0,Dry,5,20,38
12.8,11.6,0.64,Americas,Yucatan,yucatan,49.23,1200.0,1.0,Dry,5,20,38
13.5,13.5,0.64,Americas,Yucatan,yucatan,82.41,1200.0,1.0,Dry,5,20,38
14.3,12.6,0.64,Americas,Yucatan,yucatan,96.07,1200.0,1.0,Dry,5,20,38
14.7,14.9,0.64,Americas,Yucatan,yucatan,101.71,1200.0,1.0,Dry,5,20,38
15.0,11.9,0.64,Americas,Yucatan,yucatan,97.65,1200.0,1.0,Dry,5,20,38
15.3,14.2,0.64,Americas,Yucatan,yucatan,99.16,1200.0,1.0,Dry,5,20,38
16.4,14.6,0.64,Americas,Yucatan,yucatan,143.54,1200.0,1.0,Dry,5,20,38
17.0,12.2,0.64,Americas,Yucatan,yucatan,198.37,1200.0,1.0,Dry,5,20,38
18.3,10.0,0.64,Americas,Yucatan,yucatan,73.89,1200.0,1.0,Dry,5,20,38
19.6,11.6,0.64,Americas,Yucatan,yucatan,169.24,1200.0,1.0,Dry,5,20,38
19.7,12.8,0.64,Americas,Yucatan,yucatan,127.0,1200.0,1.0,Dry,5,20,38
20.2,9.6,0.64,Americas,Yucatan,yucatan,49.64,1200.0,1.0,Dry,5,20,38
21.0,13.3,0.64,Americas,Yucatan,yucatan,209.58,1200.0,1.0,Dry,5,20,38
23.5,12.8,0.64,Americas,Yucatan,yucatan,210.54,1200.0,1.0,Dry,5,20,38
29.2,13.4,0.64,Americas,Yucatan,yucatan,332.89,1200.0,1.0,Dry,5,20,38
16.5,16.7,0.87,Americas,Yucatan,yucatan,113.52,1200.0,1.0,Dry,5,20,51
19.0,18.4,0.87,Americas,Yucatan,yucatan,167.73,1200.0,1.0,Dry,5,20,51
22.9,13.2,0.87,Americas,Yucatan,yucatan,211.01,1200.0,1.0,Dry,5,20,51
25.5,19.0,0.87,Americas,Yucatan,yucatan,290.27,1200.0,1.0,Dry,5,20,51
31.5,22.1,0.87,Americas,Yucatan,yucatan,673.57,1200.0,1.0,Dry,5,20,51
38.2,23.6,0.87,Americas,Yucatan,yucatan,1085.25,1200.0,1.0,Dry,5,20,51
12.8,13.6,0.6,Americas,Yucatan,yucatan,93.63,1200.0,1.0,Dry,5,20,14
16.4,14.8,0.6,Americas,Yucatan,yucatan,243.82,1200.0,1.0,Dry,5,20,14
17.5,17.0,0.6,Americas,Yucatan,yucatan,178.98,1200.0,1.0,Dry,5,20,14
18.1,15.8,0.6,Americas,Yucatan,yucatan,182.0,1200.0,1.0,Dry,5,20,14
18.2,16.5,0.6,Americas,Yucatan,yucatan,226.25,1200.0,1.0,Dry,5,20,14
20.3,17.3,0.6,Americas,Yucatan,yucatan,265.23,1200.0,1.0,Dry,5,20,14
23.8,19.9,0.6,Americas,Yucatan,yucatan,449.42,1200.0,1.0,Dry,5,20,14
28.6,19.4,0.6,Americas,Yucatan,yucatan,564.76,1200.0,1.0,Dry,5,20,14
31.1,19.5,0.6,Americas,Yucatan,yucatan,775.88,1200.0,1.0,Dry,5,20,14
31.4,21.6,0.6,Americas,Yucatan,yucatan,648.79,1200.0,1.0,Dry,5,20,14
34.8,19.0,0.6,Americas,Yucatan,yucatan,984.18,1200.0,1.0,Dry,5,20,14
35.4,20.4,0.6,Americas,Yucatan,yucatan,1214.87,1200.0,1.0,Dry,5,20,14
37.3,22.3,0.6,Americas,Yucatan,yucatan,1265.45,1200.0,1.0,Dry,5,20,14
41.7,23.2,0.6,Americas,Yucatan,yucatan,1041.84,1200.0,1.0,Dry,5,20,14
44.9,21.4,0.6,Americas,Yucatan,yucatan,1414.83,1200.0,1.0,Dry,5,20,14
58.5,22.0,0.6,Americas,Yucatan,yucatan,2036.03,1200.0,1.0,Dry,5,20,14
63.4,21.8,0.6,Americas,Yucatan,yucatan,3257.18,1200.0,1.0,Dry,5,20,14
18.6,16.0,0.31,Americas,Yucatan,yucatan,178.48,1200.0,1.0,Dry,5,20,44
10.7,14.2,0.63,Americas,Yucatan,yucatan,67.7,1200.0,1.0,Dry,5,20,4
14.0,12.5,0.63,Americas,Yucatan,yucatan,132.2,1200.0,1.0,Dry,5,20,4
14.5,12.0,0.63,Americas,Yucatan,yucatan,119.07,1200.0,1.0,Dry,5,20,4
17.2,16.8,0.64,Americas,Yucatan,yucatan,209.12,1200.0,1.0,Dry,5,20,38
27.4,12.6,0.69,Americas,Yucatan,yucatan,143.58,1200.0,1.0,Dry,5,20,32
13.1,13.0,0.51,Americas,Yucatan,yucatan,125.13,1200.0,1.0,Dry,5,20,10
10.5,11.5,0.51,Americas,Yucatan,yucatan,72.71,1200.0,1.0,Dry,5,20,10
10.7,12.7,0.51,Americas,Yucatan,yucatan,67.42,1200.0,1.0,Dry,5,20,10
11.3,14.3,0.51,Americas,Yucatan,yucatan,81.24,1200.0,1.0,Dry,5,20,10
12.1,14.6,0.51,Americas,Yucatan,yucatan,94.82,1200.0,1.0,Dry,5,20,10
10.6,8.7,0.71,Americas,Yucatan,yucatan,42.05,1200.0,1.0,Dry,5,20,49
11.5,10.8,0.71,Americas,Yucatan,yucatan,67.09,1200.0,1.0,Dry,5,20,49
11.9,13.6,0.71,Americas,Yucatan,yucatan,59.69,1200.0,1.0,Dry,5,20,49
17.1,13.5,1.0,Americas,Yucatan,yucatan,120.71,1200.0,1.0,Dry,5,20,94
21.7,19.3,1.0,Americas,Yucatan,yucatan,377.46,1200.0,1.0,Dry,5,20,94
24.5,17.7,1.0,Americas,Yucatan,yucatan,436.75,1200.0,1.0,Dry,5,20,94
17.2,16.6,0.73,Americas,Yucatan,yucatan,315.48,1200.0,1.0,Dry,5,20,33
10.2,12.0,0.66,Americas,Yucatan,yucatan,59.27,1200.0,1.0,Dry,5,20,43
21.0,16.0,0.66,Americas,Yucatan,yucatan,280.27,1200.0,1.0,Dry,5,20,43
28.2,17.0,0.57,Americas,Yucatan,yucatan,328.67,1200.0,1.0,Dry,5,20,9
33.4,19.4,0.57,Americas,Yucatan,yucatan,680.36,1200.0,1.0,Dry,5,20,9
35.5,17.0,0.57,Americas,Yucatan,yucatan,704.16,1200.0,1.0,Dry,5,20,9
36.6,20.3,0.57,Americas,Yucatan,yucatan,879.49,1200.0,1.0,Dry,5,20,9
45.4,19.8,0.57,Americas,Yucatan,yucatan,730.05,1200.0,1.0,Dry,5,20,9
10.0,8.7,0.81,Americas,Yucatan,yucatan,21.62,1200.0,1.0,Dry,5,20,57
10.0,12.4,0.81,Americas,Yucatan,yucatan,52.86,1200.0,1.0,Dry,5,20,57
11.2,12.2,0.81,Americas,Yucatan,yucatan,76.47,1200.0,1.0,Dry,5,20,57
11.4,12.6,0.81,Americas,Yucatan,yucatan,75.11,1200.0,1.0,Dry,5,20,57
12.3,11.1,0.81,Americas,Yucatan,yucatan,91.86,1200.0,1.0,Dry,5,20,57
14.0,16.0,0.81,Americas,Yucatan,yucatan,135.35,1200.0,1.0,Dry,5,20,57
15.2,12.4,0.81,Americas,Yucatan,yucatan,97.68,1200.0,1.0,Dry,5,20,57
16.4,12.2,0.81,Americas,Yucatan,yucatan,172.14,1200.0,1.0,Dry,5,20,57
23.0,13.3,0.81,Americas,Yucatan,yucatan,433.39,1200.0,1.0,Dry,5,20,57
23.2,15.4,0.81,Americas,Yucatan,yucatan,358.09,1200.0,1.0,Dry,5,20,57
23.5,17.1,0.81,Americas,Yucatan,yucatan,424.9,1200.0,1.0,Dry,5,20,57
25.2,16.5,0.81,Americas,Yucatan,yucatan,539.56,1200.0,1.0,Dry,5,20,57
26.0,17.4,0.81,Americas,Yucatan,yucatan,483.23,1200.0,1.0,Dry,5,20,57
35.0,10.6,0.81,Americas,Yucatan,yucatan,455.01,1200.0,1.0,Dry,5,20,57
37.3,18.1,0.81,Americas,Yucatan,yucatan,1163.54,1200.0,1.0,Dry,5,20,57
53.3,18.1,0.81,Americas,Yucatan,yucatan,1409.58,1200.0,1.0,Dry,5,20,57
15.1,15.4,0.63,Americas,Yucatan,yucatan,153.14,1200.0,1.0,Dry,5,20,4
13.5,13.9,0.26,Americas,Yucatan,yucatan,57.45,1200.0,1.0,Dry,5,20,67
15.5,13.6,0.26,Americas,Yucatan,yucatan,85.18,1200.0,1.0,Dry,5,20,67
28.5,19.2,0.26,Americas,Yucatan,yucatan,324.78,1200.0,1.0,Dry,5,20,67
10.7,12.5,0.79,Americas,Yucatan,yucatan,53.03,1200.0,1.0,Dry,5,20,54
12.9,15.2,0.79,Americas,Yucatan,yucatan,93.18,1200.0,1.0,Dry,5,20,54
13.4,14.4,0.79,Americas,Yucatan,yucatan,79.12,1200.0,1.0,Dry,5,20,54
23.2,12.9,0.79,Americas,Yucatan,yucatan,104.35,1200.0,1.0,Dry,5,20,54
24.0,16.9,0.79,Americas,Yucatan,yucatan,306.85,1200.0,1.0,Dry,5,20,54
24.0,16.6,0.79,Americas,Yucatan,yucatan,414.86,1200.0,1.0,Dry,5,20,54
25.6,14.5,0.79,Americas,Yucatan,yucatan,456.21,1200.0,1.0,Dry,5,20,54
28.0,21.0,0.79,Americas,Yucatan,yucatan,638.99,1200.0,1.0,Dry,5,20,54
10.3,10.0,0.71,Americas,Yucatan,yucatan,52.14,1200.0,1.0,Dry,5,20,49
10.4,8.5,0.71,Americas,Yucatan,yucatan,35.81,1200.0,1.0,Dry,5,20,49
10.4,11.7,0.71,Americas,Yucatan,yucatan,50.33,1200.0,1.0,Dry,5,20,49
10.6,12.8,0.71,Americas,Yucatan,yucatan,57.33,1200.0,1.0,Dry,5,20,49
10.8,10.6,0.71,Americas,Yucatan,yucatan,72.99,1200.0,1.0,Dry,5,20,49
10.9,10.6,0.71,Americas,Yucatan,yucatan,77.55,1200.0,1.0,Dry,5,20,49
11.0,12.3,0.71,Americas,Yucatan,yucatan,54.0,1200.0,1.0,Dry,5,20,49
11.2,10.8,0.71,Americas,Yucatan,yucatan,84.38,1200.0,1.0,Dry,5,20,49
11.3,9.8,0.71,Americas,Yucatan,yucatan,45.34,1200.0,1.0,Dry,5,20,49
11.5,15.1,0.71,Americas,Yucatan,yucatan,94.71,1200.0,1.0,Dry,5,20,49
11.8,13.0,0.71,Americas,Yucatan,yucatan,83.05,1200.0,1.0,Dry,5,20,49
11.8,13.0,0.71,Americas,Yucatan,yucatan,98.71,1200.0,1.0,Dry,5,20,49
11.9,12.4,0.71,Americas,Yucatan,yucatan,86.15,1200.0,1.0,Dry,5,20,49
12.1,8.5,0.71,Americas,Yucatan,yucatan,63.72,1200.0,1.0,Dry,5,20,49
12.9,10.3,0.71,Americas,Yucatan,yucatan,86.24,1200.0,1.0,Dry,5,20,49
13.0,11.5,0.71,Americas,Yucatan,yucatan,103.14,1200.0,1.0,Dry,5,20,49
13.4,12.9,0.71,Americas,Yucatan,yucatan,101.25,1200.0,1.0,Dry,5,20,49
13.6,10.9,0.71,Americas,Yucatan,yucatan,79.65,1200.0,1.0,Dry,5,20,49
13.6,13.4,0.71,Americas,Yucatan,yucatan,130.57,1200.0,1.0,Dry,5,20,49
14.1,8.2,0.71,Americas,Yucatan,yucatan,36.99,1200.0,1.0,Dry,5,20,49
15.1,14.4,0.71,Americas,Yucatan,yucatan,183.57,1200.0,1.0,Dry,5,20,49
17.8,12.4,0.71,Americas,Yucatan,yucatan,230.06,1200.0,1.0,Dry,5,20,49
18.2,14.6,0.71,Americas,Yucatan,yucatan,282.49,1200.0,1.0,Dry,5,20,49
19.5,11.6,0.71,Americas,Yucatan,yucatan,100.99,1200.0,1.0,Dry,5,20,49
20.4,14.6,0.71,Americas,Yucatan,yucatan,307.57,1200.0,1.0,Dry,5,20,49
21.0,15.6,0.71,Americas,Yucatan,yucatan,302.93,1200.0,1.0,Dry,5,20,49
24.3,14.0,0.71,Americas,Yucatan,yucatan,364.63,1200.0,1.0,Dry,5,20,49
10.2,12.5,0.78,Americas,Yucatan,yucatan,59.99,1200.0,1.0,Dry,5,20,45
16.1,13.7,0.9,Americas,Yucatan,yucatan,124.76,1200.0,1.0,Dry,5,20,2
18.0,14.2,0.9,Americas,Yucatan,yucatan,159.37,1200.0,1.0,Dry,5,20,2
26.0,16.7,0.9,Americas,Yucatan,yucatan,334.51,1200.0,1.0,Dry,5,20,2
34.2,19.0,0.9,Americas,Yucatan,yucatan,809.12,1200.0,1.0,Dry,5,20,2
16.6,10.5,0.41,Americas,Yucatan,yucatan,119.51,1200.0,1.0,Dry,5,20,22
24.4,17.1,0.39,Americas,Yucatan,yucatan,133.06,1200.0,1.0,Dry,5,20,19
24.6,18.2,0.39,Americas,Yucatan,yucatan,205.15,1200.0,1.0,Dry,5,20,19
33.5,17.0,0.39,Americas,Yucatan,yucatan,334.14,1200.0,1.0,Dry,5,20,19
45.3,18.1,0.39,Americas,Yucatan,yucatan,820.79,1200.0,1.0,Dry,5,20,19
12.9,13.0,0.87,Americas,Yucatan,yucatan,132.37,1200.0,1.0,Dry,5,20,51
29.9,19.0,0.87,Americas,Yucatan,yucatan,709.16,1200.0,1.0,Dry,5,20,51
34.1,17.8,0.87,Americas,Yucatan,yucatan,1030.8,1200.0,1.0,Dry,5,20,51
31.7,20.5,0.94,Americas,Yucatan,yucatan,305.32,1200.0,1.0,Dry,5,20,92
17.1,10.1,0.63,Americas,Yucatan,yucatan,108.26,1200.0,1.0,Dry,5,20,4
10.2,12.4,0.63,Americas,Yucatan,yucatan,51.92,1200.0,1.0,Dry,5,20,4
10.2,10.6,0.63,Americas,Yucatan,yucatan,53.39,1200.0,1.0,Dry,5,20,4
10.2,10.6,0.63,Americas,Yucatan,yucatan,57.49,1200.0,1.0,Dry,5,20,4
10.3,7.4,0.63,Americas,Yucatan,yucatan,31.27,1200.0,1.0,Dry,5,20,4
10.4,11.3,0.63,Americas,Yucatan,yucatan,59.92,1200.0,1.0,Dry,5,20,4
10.5,8.7,0.63,Americas,Yucatan,yucatan,71.99,1200.0,1.0,Dry,5,20,4
10.6,10.7,0.63,Americas,Yucatan,yucatan,43.35,1200.0,1.0,Dry,5,20,4
10.6,10.7,0.63,Americas,Yucatan,yucatan,46.65,1200.0,1.0,Dry,5,20,4
10.6,12.3,0.63,Americas,Yucatan,yucatan,58.28,1200.0,1.0,Dry,5,20,4
10.6,11.9,0.63,Americas,Yucatan,yucatan,77.75,1200.0,1.0,Dry,5,20,4
10.9,8.6,0.63,Americas,Yucatan,yucatan,44.11,1200.0,1.0,Dry,5,20,4
11.1,10.3,0.63,Americas,Yucatan,yucatan,43.42,1200.0,1.0,Dry,5,20,4
11.2,11.5,0.63,Americas,Yucatan,yucatan,66.28,1200.0,1.0,Dry,5,20,4
11.5,11.4,0.63,Americas,Yucatan,yucatan,74.21,1200.0,1.0,Dry,5,20,4
11.5,10.0,0.63,Americas,Yucatan,yucatan,75.65,1200.0,1.0,Dry,5,20,4
11.6,12.3,0.63,Americas,Yucatan,yucatan,83.88,1200.0,1.0,Dry,5,20,4
11.7,10.9,0.63,Americas,Yucatan,yucatan,59.9,1200.0,1.0,Dry,5,20,4
12.0,12.8,0.63,Americas,Yucatan,yucatan,59.84,1200.0,1.0,Dry,5,20,4
12.4,9.9,0.63,Americas,Yucatan,yucatan,56.92,1200.0,1.0,Dry,5,20,4
12.4,12.7,0.63,Americas,Yucatan,yucatan,95.41,1200.0,1.0,Dry,5,20,4
12.5,10.7,0.63,Americas,Yucatan,yucatan,73.23,1200.0,1.0,Dry,5,20,4
12.6,11.7,0.63,Americas,Yucatan,yucatan,83.3,1200.0,1.0,Dry,5,20,4
12.8,11.4,0.63,Americas,Yucatan,yucatan,65.57,1200.0,1.0,Dry,5,20,4
12.9,11.0,0.63,Americas,Yucatan,yucatan,78.39,1200.0,1.0,Dry,5,20,4
13.2,9.1,0.63,Americas,Yucatan,yucatan,115.7,1200.0,1.0,Dry,5,20,4
13.3,12.5,0.63,Americas,Yucatan,yucatan,82.84,1200.0,1.0,Dry,5,20,4
13.6,12.3,0.63,Americas,Yucatan,yucatan,121.8,1200.0,1.0,Dry,5,20,4
13.7,12.6,0.63,Americas,Yucatan,yucatan,109.37,1200.0,1.0,Dry,5,20,4
13.7,12.5,0.63,Americas,Yucatan,yucatan,133.23,1200.0,1.0,Dry,5,20,4
14.1,14.0,0.63,Americas,Yucatan,yucatan,117.94,1200.0,1.0,Dry,5,20,4
14.5,13.6,0.63,Americas,Yucatan,yucatan,169.17,1200.0,1.0,Dry,5,20,4
15.1,10.3,0.63,Americas,Yucatan,yucatan,129.97,1200.0,1.0,Dry,5,20,4
15.2,13.6,0.63,Americas,Yucatan,yucatan,123.96,1200.0,1.0,Dry,5,20,4
15.5,13.9,0.63,Americas,Yucatan,yucatan,146.63,1200.0,1.0,Dry,5,20,4
15.7,13.0,0.63,Americas,Yucatan,yucatan,124.69,1200.0,1.0,Dry,5,20,4
21.2,11.8,0.66,Americas,Yucatan,yucatan,230.7,1200.0,1.0,Dry,5,20,43
30.5,18.5,0.56,Americas,Yucatan,yucatan,750.53,1200.0,1.0,Dry,5,20,5
45.8,19.2,0.56,Americas,Yucatan,yucatan,1023.4,1200.0,1.0,Dry,5,20,5
44.0,21.2,0.56,Americas,Yucatan,yucatan,1546.3,1200.0,1.0,Dry,5,20,5
9.1,7.4,0.69,Africa,Zambia,zambia,27.64,,,,,,32
16.6,10.4,0.69,Africa,Zambia,zambia,80.1,,,,,,32
19.6,8.4,0.69,Africa,Zambia,zambia,153.7,,,,,,32
5.1,4.7,0.63,Africa,Zambia,zambia,13.36,,,,,,4
5.9,3.8,0.63,Africa,Zambia,zambia,17.15,,,,,,4
7.2,6.0,0.63,Africa,Zambia,zambia,24.14,,,,,,4
7.3,6.0,0.63,Africa,Zambia,zambia,24.44,,,,,,4
8.0,5.8,0.63,Africa,Zambia,zambia,27.18,,,,,,4
9.2,6.6,0.63,Africa,Zambia,zambia,48.07,,,,,,4
9.4,6.8,0.63,Africa,Zambia,zambia,35.66,,,,,,4
9.9,8.3,0.63,Africa,Zambia,zambia,43.74,,,,,,4
10.7,8.5,0.63,Africa,Zambia,zambia,54.45,,,,,,4
24.8,13.8,0.63,Africa,Zambia,zambia,312.1,,,,,,4
29.0,9.4,0.63,Africa,Zambia,zambia,250.5,,,,,,4
5.7,5.1,0.67,Africa,Zambia,zambia,15.8,,,,,,29
7.8,7.1,0.67,Africa,Zambia,zambia,29.07,,,,,,29
19.1,9.7,0.67,Africa,Zambia,zambia,143.8,,,,,,29
26.7,11.8,0.67,Africa,Zambia,zambia,328.33,,,,,,29
37.4,12.3,0.67,Africa,Zambia,zambia,846.5,,,,,,29
8.4,5.9,0.83,Africa,Zambia,zambia,26.48,,,,,,1
8.4,5.7,0.83,Africa,Zambia,zambia,37.68,,,,,,1
9.7,8.1,0.83,Africa,Zambia,zambia,52.44,,,,,,1
12.9,10.8,0.83,Africa,Zambia,zambia,93.7,,,,,,1
16.7,8.4,0.83,Africa,Zambia,zambia,148.4,,,,,,1
18.1,10.9,0.83,Africa,Zambia,zambia,198.3,,,,,,1
6.0,4.8,0.62,Africa,Zambia,zambia,10.03,,,,,,35
6.7,7.4,0.61,Africa,Zambia,zambia,8.1,,,,,,40
8.0,6.5,0.61,Africa,Zambia,zambia,11.31,,,,,,40
8.9,5.7,0.61,Africa,Zambia,zambia,22.64,,,,,,40
10.7,8.3,0.61,Africa,Zambia,zambia,44.05,,,,,,40
11.5,8.1,0.61,Africa,Zambia,zambia,72.61,,,,,,40
5.4,4.1,0.99,Africa,Zambia,zambia,8.46,,,,,,96
6.4,3.3,0.99,Africa,Zambia,zambia,5.82,,,,,,96
7.5,5.2,0.99,Africa,Zambia,zambia,14.66,,,,,,96
8.3,5.1,0.99,Africa,Zambia,zambia,20.0,,,,,,96
8.6,6.8,0.99,Africa,Zambia,zambia,35.17,,,,,,96
9.9,5.2,0.56,Africa,Zambia,zambia,23.89,,,,,,5
11.8,6.8,0.56,Africa,Zambia,zambia,77.8,,,,,,5
12.1,8.5,0.56,Africa,Zambia,zambia,43.0,,,,,,5
12.1,9.0,0.56,Africa,Zambia,zambia,75.7,,,,,,5
14.0,6.6,0.56,Africa,Zambia,zambia,55.6,,,,,,5
15.1,7.5,0.56,Africa,Zambia,zambia,82.6,,,,,,5
16.6,7.4,0.56,Africa,Zambia,zambia,88.69,,,,,,5
17.2,8.0,0.56,Africa,Zambia,zambia,118.3,,,,,,5
17.5,7.9,0.56,Africa,Zambia,zambia,153.0,,,,,,5
19.7,9.4,0.56,Africa,Zambia,zambia,208.5,,,,,,5
22.0,11.0,0.56,Africa,Zambia,zambia,304.04,,,,,,5
22.9,11.6,0.56,Africa,Zambia,zambia,367.27,,,,,,5
5.3,5.7,0.73,Africa,Zambia,zambia,11.43,,,,,,33
5.7,6.6,0.73,Africa,Zambia,zambia,9.39,,,,,,33
5.7,8.2,0.73,Africa,Zambia,zambia,12.46,,,,,,33
5.7,4.3,0.73,Africa,Zambia,zambia,6.79,,,,,,33
6.0,7.5,0.73,Africa,Zambia,zambia,17.0,,,,,,33
6.2,6.6,0.73,Africa,Zambia,zambia,10.18,,,,,,33
6.2,5.8,0.73,Africa,Zambia,zambia,19.25,,,,,,33
6.4,5.0,0.73,Africa,Zambia,zambia,20.39,,,,,,33
6.7,6.0,0.73,Africa,Zambia,zambia,14.45,,,,,,33
7.0,6.9,0.73,Africa,Zambia,zambia,22.13,,,,,,33
7.3,6.0,0.73,Africa,Zambia,zambia,14.11,,,,,,33
8.3,6.9,0.73,Africa,Zambia,zambia,16.67,,,,,,33
8.3,8.0,0.73,Africa,Zambia,zambia,24.87,,,,,,33
8.6,6.4,0.73,Africa,Zambia,zambia,22.45,,,,,,33
8.6,7.1,0.73,Africa,Zambia,zambia,30.34,,,,,,33
8.9,5.9,0.73,Africa,Zambia,zambia,15.02,,,,,,33
9.4,7.8,0.73,Africa,Zambia,zambia,42.91,,,,,,33
9.5,6.0,0.73,Africa,Zambia,zambia,23.11,,,,,,33
9.5,6.0,0.73,Africa,Zambia,zambia,25.11,,,,,,33
9.9,7.8,0.73,Africa,Zambia,zambia,39.15,,,,,,33
10.5,7.4,0.73,Africa,Zambia,zambia,27.94,,,,,,33
10.5,7.3,0.73,Africa,Zambia,zambia,43.24,,,,,,33
10.5,7.6,0.73,Africa,Zambia,zambia,46.24,,,,,,33
12.1,10.4,0.73,Africa,Zambia,zambia,56.8,,,,,,33
12.1,8.4,0.73,Africa,Zambia,zambia,49.8,,,,,,33
12.4,7.5,0.73,Africa,Zambia,zambia,47.7,,,,,,33
12.4,8.0,0.73,Africa,Zambia,zambia,69.6,,,,,,33
13.2,9.5,0.73,Africa,Zambia,zambia,87.25,,,,,,33
13.4,9.5,0.73,Africa,Zambia,zambia,71.0,,,,,,33
13.4,10.0,0.73,Africa,Zambia,zambia,89.94,,,,,,33
13.7,8.2,0.73,Africa,Zambia,zambia,94.08,,,,,,33
14.0,8.6,0.73,Africa,Zambia,zambia,64.0,,,,,,33
14.2,8.6,0.73,Africa,Zambia,zambia,121.01,,,,,,33
14.6,9.8,0.73,Africa,Zambia,zambia,100.0,,,,,,33
15.1,9.1,0.73,Africa,Zambia,zambia,103.1,,,,,,33
15.3,8.1,0.73,Africa,Zambia,zambia,101.02,,,,,,33
16.2,9.5,0.73,Africa,Zambia,zambia,113.5,,,,,,33
19.4,9.2,0.73,Africa,Zambia,zambia,201.85,,,,,,33
20.4,9.4,0.73,Africa,Zambia,zambia,180.15,,,,,,33
21.3,8.7,0.73,Africa,Zambia,zambia,231.9,,,,,,33
21.5,9.8,0.73,Africa,Zambia,zambia,212.65,,,,,,33
24.2,8.4,0.73,Africa,Zambia,zambia,241.0,,,,,,33
25.1,10.8,0.73,Africa,Zambia,zambia,279.5,,,,,,33
32.5,13.3,0.73,Africa,Zambia,zambia,704.4,,,,,,33
5.4,4.5,0.76,Africa,Zambia,zambia,8.5,,,,,,31
5.7,4.3,0.76,Africa,Zambia,zambia,6.18,,,,,,31
6.0,6.0,0.76,Africa,Zambia,zambia,9.03,,,,,,31
8.1,5.5,0.76,Africa,Zambia,zambia,13.9,,,,,,31
9.7,8.3,0.76,Africa,Zambia,zambia,43.39,,,,,,31
11.1,8.2,0.76,Africa,Zambia,zambia,52.05,,,,,,31
12.1,8.0,0.76,Africa,Zambia,zambia,45.2,,,,,,31
21.0,7.8,0.62,Africa,Zambia,zambia,143.32,,,,,,35
7.3,3.6,0.62,Africa,Zambia,zambia,16.78,,,,,,35
9.4,9.0,0.62,Africa,Zambia,zambia,17.9,,,,,,35
9.4,4.1,0.62,Africa,Zambia,zambia,25.2,,,,,,35
9.5,4.7,0.62,Africa,Zambia,zambia,22.4,,,,,,35
11.5,5.0,0.62,Africa,Zambia,zambia,33.29,,,,,,35
12.4,5.9,0.62,Africa,Zambia,zambia,51.21,,,,,,35
20.7,7.5,0.62,Africa,Zambia,zambia,180.9,,,,,,35
19.1,9.1,0.72,Africa,Zambia,zambia,163.2,,,,,,34
6.2,6.3,0.78,Africa,Zambia,zambia,13.87,,,,,,45
7.3,4.2,0.78,Africa,Zambia,zambia,15.18,,,,,,45
9.9,4.0,0.78,Africa,Zambia,zambia,13.97,,,,,,45
18.5,9.4,0.78,Africa,Zambia,zambia,127.4,,,,,,45
8.3,4.6,0.62,Africa,Zambia,zambia,9.1,,,,,,35
9.7,6.6,0.56,Africa,Zambia,zambia,28.61,,,,,,5
8.8,6.0,0.87,Africa,Zambia,zambia,17.7,,,,,,51
14.0,5.5,0.9,Africa,Zambia,zambia,64.7,,,,,,2
15.8,7.1,0.9,Africa,Zambia,zambia,74.8,,,,,,2
5.4,3.0,0.65,Africa,Zambia,zambia,2.9,,,,,,37
6.4,3.0,0.65,Africa,Zambia,zambia,9.22,,,,,,37
7.0,5.0,0.58,Africa,Zambia,zambia,8.94,,,,,,12
8.9,6.6,0.58,Africa,Zambia,zambia,30.94,,,,,,12
10.8,5.6,0.58,Africa,Zambia,zambia,23.03,,,,,,12
14.0,6.4,0.58,Africa,Zambia,zambia,57.0,,,,,,12
14.2,5.5,0.58,Africa,Zambia,zambia,61.8,,,,,,12
15.9,8.9,0.58,Africa,Zambia,zambia,94.23,,,,,,12
34.4,10.7,0.58,Africa,Zambia,zambia,469.5,,,,,,12
5.4,4.3,0.65,Africa,Zambia,zambia,7.72,,,,,,37
6.4,5.0,0.65,Africa,Zambia,zambia,9.06,,,,,,37
10.3,7.5,0.65,Africa,Zambia,zambia,54.05,,,,,,37
13.1,7.6,0.65,Africa,Zambia,zambia,73.62,,,,,,37
14.3,8.2,0.65,Africa,Zambia,zambia,66.29,,,,,,37
15.8,9.3,0.65,Africa,Zambia,zambia,119.0,,,,,,37
16.6,8.5,0.65,Africa,Zambia,zambia,85.3,,,,,,37
21.0,8.5,0.65,Africa,Zambia,zambia,163.1,,,,,,37
23.6,9.3,0.65,Africa,Zambia,zambia,323.7,,,,,,37
25.1,10.0,0.65,Africa,Zambia,zambia,309.3,,,,,,37
28.3,12.5,0.65,Africa,Zambia,zambia,435.4,,,,,,37
28.6,9.3,0.65,Africa,Zambia,zambia,358.16,,,,,,37
29.0,13.7,0.65,Africa,Zambia,zambia,383.0,,,,,,37
6.4,3.8,0.4,Africa,Zambia,zambia,6.35,,,,,,15
6.8,5.2,0.87,Africa,Zambia,zambia,7.0,,,,,,51
